datetime,30746200,官厅水库坝下5min流量摘录,斋堂水库5min流量摘录,雁翅5min洪水流量摘录,官厅水库5min蒸发,30746400,30746450,30746600,30746700,30746750,30746900,30747000,30747100,30747200,30747300,30747350,30747370,30747400,30747420,30747500,30747530,30747600,30747635,30747660,30747700,30747800,30747850
2023-07-30 15:50:00,6.58,0.74,40.0,4.59,0.0056,9.5,5.75,10.15,10.02,18.67,13.43,11.08,22.17,14.7,18.95,15.6,23.83,17.1,12.92,18.82,20.75,25.97,0.0,20.08,14.68,15.02,18.43
2023-07-30 15:55:00,6.79,0.74,40.0,4.66,0.0056,9.7,5.12,10.23,9.96,19.08,13.27,11.39,21.83,14.7,19.67,15.95,24.67,17.55,12.96,19.36,21.38,26.48,0.0,20.29,14.94,15.26,19.07
2023-07-30 16:00:00,7.0,0.74,40.0,4.73,0.0056,9.9,4.5,10.3,9.9,19.5,13.1,11.7,21.5,14.7,20.4,16.3,25.5,18.0,13.0,19.9,22.0,27.0,0.0,20.5,15.2,15.5,19.7
2023-07-30 16:05:00,6.85,0.74,40.0,4.8,0.0056,10.34,4.38,10.54,10.06,19.29,13.22,11.76,21.38,14.66,19.82,16.08,24.83,18.48,13.21,20.36,22.83,26.73,0.0,21.29,15.79,16.19,20.24
2023-07-30 16:10:00,6.7,0.74,40.0,4.87,0.0056,10.78,4.25,10.78,10.22,19.08,13.33,11.82,21.25,14.62,19.25,15.87,24.17,18.97,13.42,20.82,23.67,26.47,0.0,22.08,16.38,16.88,20.78
2023-07-30 16:15:00,6.55,0.74,40.0,4.94,0.0056,11.22,4.12,11.02,10.38,18.88,13.45,11.88,21.12,14.58,18.67,15.65,23.5,19.45,13.62,21.28,24.5,26.2,0.0,22.88,16.98,17.58,21.32
2023-07-30 16:20:00,6.4,0.74,40.0,5.01,0.0056,11.67,4.0,11.27,10.53,18.67,13.57,11.93,21.0,14.53,18.1,15.43,22.83,19.93,13.83,21.73,25.33,25.93,0.0,23.67,17.57,18.27,21.87
2023-07-30 16:25:00,6.25,0.74,40.0,5.08,0.0056,12.11,3.88,11.51,10.69,18.46,13.68,11.99,20.88,14.49,17.52,15.22,22.17,20.42,14.04,22.19,26.17,25.67,0.0,24.46,18.16,18.96,22.41
2023-07-30 16:30:00,6.1,0.74,40.0,5.15,0.0056,12.55,3.75,11.75,10.85,18.25,13.8,12.05,20.75,14.45,16.95,15.0,21.5,20.9,14.25,22.65,27.0,25.4,0.0,25.25,18.75,19.65,22.95
2023-07-30 16:35:00,5.95,0.74,40.0,5.22,0.0056,12.99,3.62,11.99,11.01,18.04,13.92,12.11,20.62,14.41,16.38,14.78,20.83,21.38,14.46,23.11,27.83,25.13,0.0,26.04,19.34,20.34,23.49
2023-07-30 16:40:00,5.8,0.74,40.0,5.29,0.0056,13.43,3.5,12.23,11.17,17.83,14.03,12.17,20.5,14.37,15.8,14.57,20.17,21.87,14.67,23.57,28.67,24.87,0.0,26.83,19.93,21.03,24.03
2023-07-30 16:45:00,5.65,0.74,40.0,5.36,0.0056,13.88,3.38,12.48,11.32,17.62,14.15,12.22,20.38,14.32,15.22,14.35,19.5,22.35,14.88,24.02,29.5,24.6,0.0,27.62,20.52,21.72,24.58
2023-07-30 16:50:00,5.5,0.74,40.0,5.43,0.0056,14.32,3.25,12.72,11.48,17.42,14.27,12.28,20.25,14.28,14.65,14.13,18.83,22.83,15.08,24.48,30.33,24.33,0.0,28.42,21.12,22.42,25.12
2023-07-30 16:55:00,5.35,0.74,40.0,5.5,0.0056,14.76,3.12,12.96,11.64,17.21,14.38,12.34,20.12,14.24,14.08,13.92,18.17,23.32,15.29,24.94,31.17,24.07,0.0,29.21,21.71,23.11,25.66
2023-07-30 17:00:00,5.2,0.74,40.0,5.57,0.0056,15.2,3.0,13.2,11.8,17.0,14.5,12.4,20.0,14.2,13.5,13.7,17.5,23.8,15.5,25.4,32.0,23.8,0.0,30.0,22.3,23.8,26.2
2023-07-30 17:05:00,5.46,0.74,40.0,5.64,0.0056,15.67,2.92,14.53,11.91,17.5,14.45,12.58,20.0,15.12,14.84,14.5,19.0,24.46,16.71,25.7,32.0,24.83,0.0,29.75,22.22,22.54,24.96
2023-07-30 17:10:00,5.72,0.74,40.0,5.71,0.0056,16.13,2.83,15.87,12.02,18.0,14.4,12.75,20.0,16.05,16.18,15.3,20.5,25.12,17.92,26.0,32.0,25.87,0.0,29.5,22.15,21.28,23.72
2023-07-30 17:15:00,5.98,0.74,40.0,5.79,0.0056,16.6,2.75,17.2,12.12,18.5,14.35,12.92,20.0,16.98,17.52,16.1,22.0,25.78,19.12,26.3,32.0,26.9,0.0,29.25,22.08,20.02,22.48
2023-07-30 17:20:00,6.23,0.74,40.0,5.86,0.0056,17.07,2.67,18.53,12.23,19.0,14.3,13.1,20.0,17.9,18.87,16.9,23.5,26.43,20.33,26.6,32.0,27.93,0.0,29.0,22.0,18.77,21.23
2023-07-30 17:25:00,6.49,0.74,40.0,5.93,0.0056,17.53,2.58,19.87,12.34,19.5,14.25,13.28,20.0,18.82,20.21,17.7,25.0,27.09,21.54,26.9,32.0,28.97,0.0,28.75,21.92,17.51,19.99
2023-07-30 17:30:00,6.75,0.74,40.0,6.0,0.0056,18.0,2.5,21.2,12.45,20.0,14.2,13.45,20.0,19.75,21.55,18.5,26.5,27.75,22.75,27.2,32.0,30.0,0.0,28.5,21.85,16.25,18.75
2023-07-30 17:35:00,7.01,0.74,40.0,6.07,0.0056,18.47,2.42,22.53,12.56,20.5,14.15,13.62,20.0,20.68,22.89,19.3,28.0,28.41,23.96,27.5,32.0,31.03,0.0,28.25,21.78,14.99,17.51
2023-07-30 17:40:00,7.27,0.74,40.0,6.14,0.0056,18.93,2.33,23.87,12.67,21.0,14.1,13.8,20.0,21.6,24.23,20.1,29.5,29.07,25.17,27.8,32.0,32.07,0.0,28.0,21.7,13.73,16.27
2023-07-30 17:45:00,7.52,0.74,40.0,6.22,0.0056,19.4,2.25,25.2,12.78,21.5,14.05,13.98,20.0,22.52,25.58,20.9,31.0,29.72,26.38,28.1,32.0,33.1,0.0,27.75,21.62,12.48,15.02
2023-07-30 17:50:00,7.78,0.74,40.0,6.29,0.0056,19.87,2.17,26.53,12.88,22.0,14.0,14.15,20.0,23.45,26.92,21.7,32.5,30.38,27.58,28.4,32.0,34.13,0.0,27.5,21.55,11.22,13.78
2023-07-30 17:55:00,8.04,0.74,40.0,6.36,0.0056,20.33,2.08,27.87,12.99,22.5,13.95,14.32,20.0,24.38,28.26,22.5,34.0,31.04,28.79,28.7,32.0,35.17,0.0,27.25,21.48,9.96,12.54
2023-07-30 18:00:00,8.3,0.74,40.0,6.43,0.0056,20.8,2.0,29.2,13.1,23.0,13.9,14.5,20.0,25.3,29.6,23.3,35.5,31.7,30.0,29.0,32.0,36.2,0.0,27.0,21.4,8.7,11.3
2023-07-30 18:05:00,8.43,0.74,40.0,6.43,0.0056,19.9,2.0,27.73,12.99,22.96,13.82,14.73,20.04,25.24,28.66,21.99,33.71,30.0,28.04,27.14,29.88,34.29,0.0,25.38,20.13,7.99,10.4
2023-07-30 18:10:00,8.57,0.74,40.0,6.43,0.0056,19.0,2.0,26.27,12.88,22.92,13.75,14.97,20.08,25.18,27.72,20.68,31.92,28.3,26.08,25.28,27.75,32.38,0.0,23.75,18.87,7.28,9.5
2023-07-30 18:15:00,8.7,0.74,40.0,6.43,0.0056,18.1,2.0,24.8,12.78,22.88,13.68,15.2,20.12,25.12,26.78,19.38,30.12,26.6,24.12,23.42,25.62,30.48,0.0,22.12,17.6,6.57,8.6
2023-07-30 18:20:00,8.83,0.74,40.0,6.43,0.0056,17.2,2.0,23.33,12.67,22.83,13.6,15.43,20.17,25.07,25.83,18.07,28.33,24.9,22.17,21.57,23.5,28.57,0.0,20.5,16.33,5.87,7.7
2023-07-30 18:25:00,8.97,0.74,40.0,6.43,0.0056,16.3,2.0,21.87,12.56,22.79,13.52,15.67,20.21,25.01,24.89,16.76,26.54,23.2,20.21,19.71,21.38,26.66,0.0,18.88,15.07,5.16,6.8
2023-07-30 18:30:00,9.1,0.74,40.0,6.43,0.0056,15.4,2.0,20.4,12.45,22.75,13.45,15.9,20.25,24.95,23.95,15.45,24.75,21.5,18.25,17.85,19.25,24.75,0.0,17.25,13.8,4.45,5.9
2023-07-30 18:35:00,9.23,0.74,40.0,7.05,0.0056,14.5,2.0,18.93,12.34,22.71,13.38,16.13,20.29,24.89,23.01,14.14,22.96,19.8,16.29,15.99,17.12,22.84,0.0,15.62,12.53,3.74,5.0
2023-07-30 18:40:00,9.37,0.74,40.0,7.66,0.0056,13.6,2.0,17.47,12.23,22.67,13.3,16.37,20.33,24.83,22.07,12.83,21.17,18.1,14.33,14.13,15.0,20.93,0.0,14.0,11.27,3.03,4.1
2023-07-30 18:45:00,9.5,0.74,40.0,8.28,0.0056,12.7,2.0,16.0,12.12,22.62,13.22,16.6,20.38,24.78,21.12,11.52,19.38,16.4,12.38,12.27,12.88,19.03,0.0,12.38,10.0,2.32,3.2
2023-07-30 18:50:00,9.63,0.74,40.0,8.89,0.0056,11.8,2.0,14.53,12.02,22.58,13.15,16.83,20.42,24.72,20.18,10.22,17.58,14.7,10.42,10.42,10.75,17.12,0.0,10.75,8.73,1.62,2.3
2023-07-30 18:55:00,9.77,0.74,40.0,9.5,0.0056,10.9,2.0,13.07,11.91,22.54,13.08,17.07,20.46,24.66,19.24,8.91,15.79,13.0,8.46,8.56,8.62,15.21,0.0,9.12,7.47,0.91,1.4
2023-07-30 19:00:00,9.9,0.74,40.0,10.12,0.0056,10.0,2.0,11.6,11.8,22.5,13.0,17.3,20.5,24.6,18.3,7.6,14.0,11.3,6.5,6.7,6.5,13.3,0.0,7.5,6.2,0.2,0.5
2023-07-30 19:05:00,9.26,0.74,40.0,10.74,0.0056,10.0,2.0,11.31,12.41,22.46,14.18,17.53,22.21,25.22,18.65,8.42,14.62,12.07,7.29,7.95,7.83,14.73,0.0,7.54,6.98,0.8,0.93
2023-07-30 19:10:00,8.62,0.74,40.0,11.35,0.0056,10.0,2.0,11.02,13.02,22.42,15.35,17.77,23.92,25.83,19.0,9.23,15.25,12.83,8.08,9.2,9.17,16.17,0.0,7.58,7.75,1.4,1.37
2023-07-30 19:15:00,7.98,0.74,40.0,11.97,0.0056,10.0,2.0,10.72,13.62,22.38,16.52,18.0,25.62,26.45,19.35,10.05,15.88,13.6,8.88,10.45,10.5,17.6,0.0,7.62,8.52,2.0,1.8
2023-07-30 19:20:00,7.33,0.74,40.0,12.58,0.0056,10.0,2.0,10.43,14.23,22.33,17.7,18.23,27.33,27.07,19.7,10.87,16.5,14.37,9.67,11.7,11.83,19.03,0.0,7.67,9.3,2.6,2.23
2023-07-30 19:25:00,6.69,0.74,40.0,13.2,0.0056,10.0,2.0,10.14,14.84,22.29,18.88,18.47,29.04,27.68,20.05,11.68,17.12,15.13,10.46,12.95,13.17,20.47,0.0,7.71,10.08,3.2,2.67
2023-07-30 19:30:00,6.05,0.74,40.0,13.81,0.0056,10.0,2.0,9.85,15.45,22.25,20.05,18.7,30.75,28.3,20.4,12.5,17.75,15.9,11.25,14.2,14.5,21.9,0.0,7.75,10.85,3.8,3.1
2023-07-30 19:35:00,5.41,0.74,40.0,14.43,0.0056,10.0,2.0,9.56,16.06,22.21,21.22,18.93,32.46,28.92,20.75,13.32,18.38,16.67,12.04,15.45,15.83,23.33,0.0,7.79,11.62,4.4,3.53
2023-07-30 19:40:00,4.77,0.74,40.0,15.04,0.0056,10.0,2.0,9.27,16.67,22.17,22.4,19.17,34.17,29.53,21.1,14.13,19.0,17.43,12.83,16.7,17.17,24.77,0.0,7.83,12.4,5.0,3.97
2023-07-30 19:45:00,4.12,0.74,40.0,15.66,0.0056,10.0,2.0,8.98,17.28,22.12,23.58,19.4,35.88,30.15,21.45,14.95,19.62,18.2,13.62,17.95,18.5,26.2,0.0,7.88,13.18,5.6,4.4
2023-07-30 19:50:00,3.48,0.74,40.0,16.27,0.0056,10.0,2.0,8.68,17.88,22.08,24.75,19.63,37.58,30.77,21.8,15.77,20.25,18.97,14.42,19.2,19.83,27.63,0.0,7.92,13.95,6.2,4.83
2023-07-30 19:55:00,2.84,0.74,40.0,16.88,0.0056,10.0,2.0,8.39,18.49,22.04,25.92,19.87,39.29,31.38,22.15,16.58,20.88,19.73,15.21,20.45,21.17,29.07,0.0,7.96,14.73,6.8,5.27
2023-07-30 20:00:00,2.2,0.74,40.0,17.5,0.0056,10.0,2.0,8.1,19.1,22.0,27.1,20.1,41.0,32.0,22.5,17.4,21.5,20.5,16.0,21.7,22.5,30.5,0.0,8.0,15.5,7.4,5.7
2023-07-30 20:05:00,2.38,0.74,40.0,18.22,0.0056,10.02,2.04,8.22,18.12,20.96,26.98,18.97,40.0,30.28,21.38,16.82,21.08,19.89,15.17,21.09,21.75,29.51,0.0,8.04,14.6,6.8,5.24
2023-07-30 20:10:00,2.55,0.74,40.0,18.93,0.0056,10.03,2.08,8.35,17.15,19.92,26.85,17.83,39.0,28.55,20.27,16.23,20.67,19.28,14.33,20.48,21.0,28.52,0.0,8.08,13.7,6.2,4.78
2023-07-30 20:15:00,2.72,0.74,40.0,19.65,0.0056,10.05,2.12,8.48,16.18,18.88,26.72,16.7,38.0,26.82,19.15,15.65,20.25,18.68,13.5,19.88,20.25,27.52,0.0,8.12,12.8,5.6,4.32
2023-07-30 20:20:00,2.9,0.74,40.0,20.37,0.0056,10.07,2.17,8.6,15.2,17.83,26.6,15.57,37.0,25.1,18.03,15.07,19.83,18.07,12.67,19.27,19.5,26.53,0.0,8.17,11.9,5.0,3.87
2023-07-30 20:25:00,3.08,0.74,40.0,21.08,0.0056,10.08,2.21,8.72,14.23,16.79,26.48,14.43,36.0,23.38,16.92,14.48,19.42,17.46,11.83,18.66,18.75,25.54,0.0,8.21,11.0,4.4,3.41
2023-07-30 20:30:00,3.25,0.74,40.0,21.8,0.0056,10.1,2.25,8.85,13.25,15.75,26.35,13.3,35.0,21.65,15.8,13.9,19.0,16.85,11.0,18.05,18.0,24.55,0.0,8.25,10.1,3.8,2.95
2023-07-30 20:35:00,3.42,0.74,40.0,25.67,0.0056,10.12,2.29,8.98,12.28,14.71,26.22,12.17,34.0,19.92,14.68,13.32,18.58,16.24,10.17,17.44,17.25,23.56,0.0,8.29,9.2,3.2,2.49
2023-07-30 20:40:00,3.6,0.74,40.0,29.53,0.0056,10.13,2.33,9.1,11.3,13.67,26.1,11.03,33.0,18.2,13.57,12.73,18.17,15.63,9.33,16.83,16.5,22.57,0.0,8.33,8.3,2.6,2.03
2023-07-30 20:45:00,3.78,0.74,40.0,33.4,0.0056,10.15,2.38,9.22,10.32,12.62,25.98,9.9,32.0,16.48,12.45,12.15,17.75,15.02,8.5,16.23,15.75,21.58,0.0,8.38,7.4,2.0,1.58
2023-07-30 20:50:00,3.95,0.74,40.0,37.27,0.0056,10.17,2.42,9.35,9.35,11.58,25.85,8.77,31.0,14.75,11.33,11.57,17.33,14.42,7.67,15.62,15.0,20.58,0.0,8.42,6.5,1.4,1.12
2023-07-30 20:55:00,4.12,0.74,40.0,41.13,0.0056,10.18,2.46,9.48,8.38,10.54,25.72,7.63,30.0,13.03,10.22,10.98,16.92,13.81,6.83,15.01,14.25,19.59,0.0,8.46,5.6,0.8,0.66
2023-07-30 21:00:00,4.3,0.74,40.0,45.0,0.0056,10.2,2.5,9.6,7.4,9.5,25.6,6.5,29.0,11.3,9.1,10.4,16.5,13.2,6.0,14.4,13.5,18.6,0.0,8.5,4.7,0.2,0.2
2023-07-30 21:05:00,4.03,0.74,40.0,46.27,0.0056,10.88,2.5,9.28,7.33,10.33,24.28,6.92,28.12,11.53,8.98,10.72,15.71,13.63,5.88,13.82,12.88,17.76,0.0,8.12,4.39,0.18,0.19
2023-07-30 21:10:00,3.77,0.74,40.0,47.53,0.0056,11.55,2.5,8.97,7.27,11.17,22.95,7.35,27.25,11.77,8.85,11.03,14.92,14.07,5.75,13.23,12.25,16.92,0.0,7.75,4.08,0.17,0.18
2023-07-30 21:15:00,3.5,0.74,40.0,48.8,0.0056,12.22,2.5,8.65,7.2,12.0,21.62,7.78,26.38,12.0,8.72,11.35,14.12,14.5,5.62,12.65,11.62,16.08,0.0,7.38,3.78,0.15,0.18
2023-07-30 21:20:00,3.23,0.74,40.0,50.07,0.0056,12.9,2.5,8.33,7.13,12.83,20.3,8.2,25.5,12.23,8.6,11.67,13.33,14.93,5.5,12.07,11.0,15.23,0.0,7.0,3.47,0.13,0.17
2023-07-30 21:25:00,2.97,0.74,40.0,51.33,0.0056,13.58,2.5,8.02,7.07,13.67,18.98,8.62,24.62,12.47,8.48,11.98,12.54,15.37,5.38,11.48,10.38,14.39,0.0,6.62,3.16,0.12,0.16
2023-07-30 21:30:00,2.7,0.74,40.0,52.6,0.0056,14.25,2.5,7.7,7.0,14.5,17.65,9.05,23.75,12.7,8.35,12.3,11.75,15.8,5.25,10.9,9.75,13.55,0.0,6.25,2.85,0.1,0.15
2023-07-30 21:35:00,2.43,0.74,40.0,53.4,0.0056,14.92,2.5,7.38,6.93,15.33,16.32,9.48,22.88,12.93,8.22,12.62,10.96,16.23,5.12,10.32,9.12,12.71,0.0,5.88,2.54,0.08,0.14
2023-07-30 21:40:00,2.17,0.74,40.0,54.2,0.0056,15.6,2.5,7.07,6.87,16.17,15.0,9.9,22.0,13.17,8.1,12.93,10.17,16.67,5.0,9.73,8.5,11.87,0.0,5.5,2.23,0.07,0.13
2023-07-30 21:45:00,1.9,0.74,40.0,55.0,0.0056,16.27,2.5,6.75,6.8,17.0,13.68,10.32,21.12,13.4,7.98,13.25,9.38,17.1,4.88,9.15,7.88,11.02,0.0,5.12,1.92,0.05,0.12
2023-07-30 21:50:00,1.63,0.74,40.0,55.8,0.0056,16.95,2.5,6.43,6.73,17.83,12.35,10.75,20.25,13.63,7.85,13.57,8.58,17.53,4.75,8.57,7.25,10.18,0.0,4.75,1.62,0.03,0.12
2023-07-30 21:55:00,1.37,0.74,40.0,55.25,0.0056,17.62,2.5,6.12,6.67,18.67,11.02,11.18,19.38,13.87,7.72,13.88,7.79,17.97,4.62,7.98,6.62,9.34,0.0,4.38,1.31,0.02,0.11
2023-07-30 22:00:00,1.1,0.74,40.0,54.7,0.0056,18.3,2.5,5.8,6.6,19.5,9.7,11.6,18.5,14.1,7.6,14.2,7.0,18.4,4.5,7.4,6.0,8.5,0.0,4.0,1.0,0.0,0.1
2023-07-30 22:05:00,1.12,0.74,40.0,54.88,0.0056,17.36,2.46,6.61,6.33,18.88,9.43,11.36,18.58,13.88,8.03,14.33,8.08,17.72,5.71,7.9,6.88,9.7,0.0,4.96,3.05,1.61,1.52
2023-07-30 22:10:00,1.13,0.74,40.0,55.07,0.0056,16.42,2.42,7.42,6.07,18.25,9.17,11.12,18.67,13.65,8.47,14.47,9.17,17.05,6.92,8.4,7.75,10.9,0.0,5.92,5.1,3.22,2.93
2023-07-30 22:15:00,1.15,0.74,40.0,55.25,0.0056,15.48,2.38,8.22,5.8,17.62,8.9,10.88,18.75,13.42,8.9,14.6,10.25,16.38,8.12,8.9,8.62,12.1,0.0,6.88,7.15,4.82,4.35
2023-07-30 22:20:00,1.17,0.74,40.0,55.43,0.0056,14.53,2.33,9.03,5.53,17.0,8.63,10.63,18.83,13.2,9.33,14.73,11.33,15.7,9.33,9.4,9.5,13.3,0.0,7.83,9.2,6.43,5.77
2023-07-30 22:25:00,1.18,0.74,40.0,55.62,0.0056,13.59,2.29,9.84,5.27,16.38,8.37,10.39,18.92,12.98,9.77,14.87,12.42,15.02,10.54,9.9,10.38,14.5,0.0,8.79,11.25,8.04,7.18
2023-07-30 22:30:00,1.2,0.74,40.0,55.8,0.0056,12.65,2.25,10.65,5.0,15.75,8.1,10.15,19.0,12.75,10.2,15.0,13.5,14.35,11.75,10.4,11.25,15.7,0.0,9.75,13.3,9.65,8.6
2023-07-30 22:35:00,1.22,0.74,40.0,56.68,0.0056,11.71,2.21,11.46,4.73,15.12,7.83,9.91,19.08,12.52,10.63,15.13,14.58,13.68,12.96,10.9,12.12,16.9,0.0,10.71,15.35,11.26,10.02
2023-07-30 22:40:00,1.23,0.74,40.0,57.57,0.0056,10.77,2.17,12.27,4.47,14.5,7.57,9.67,19.17,12.3,11.07,15.27,15.67,13.0,14.17,11.4,13.0,18.1,0.0,11.67,17.4,12.87,11.43
2023-07-30 22:45:00,1.25,0.74,40.0,58.45,0.0056,9.82,2.12,13.08,4.2,13.88,7.3,9.42,19.25,12.08,11.5,15.4,16.75,12.32,15.38,11.9,13.88,19.3,0.0,12.62,19.45,14.48,12.85
2023-07-30 22:50:00,1.27,0.74,40.0,59.33,0.0056,8.88,2.08,13.88,3.93,13.25,7.03,9.18,19.33,11.85,11.93,15.53,17.83,11.65,16.58,12.4,14.75,20.5,0.0,13.58,21.5,16.08,14.27
2023-07-30 22:55:00,1.28,0.74,40.0,60.22,0.0056,7.94,2.04,14.69,3.67,12.62,6.77,8.94,19.42,11.62,12.37,15.67,18.92,10.98,17.79,12.9,15.62,21.7,0.0,14.54,23.55,17.69,15.68
2023-07-30 23:00:00,1.3,0.74,40.0,61.1,0.0056,7.0,2.0,15.5,3.4,12.0,6.5,8.7,19.5,11.4,12.8,15.8,20.0,10.3,19.0,13.4,16.5,22.9,0.0,15.5,25.6,19.3,17.1
2023-07-30 23:05:00,1.76,0.74,40.0,63.03,0.0056,7.28,2.04,15.24,3.5,11.79,7.12,8.48,20.5,10.92,12.02,14.96,19.12,10.41,17.88,12.78,16.0,21.51,0.0,14.67,23.79,18.16,16.05
2023-07-30 23:10:00,2.22,0.74,40.0,64.97,0.0056,7.57,2.08,14.98,3.6,11.58,7.73,8.25,21.5,10.43,11.25,14.12,18.25,10.52,16.75,12.15,15.5,20.12,0.0,13.83,21.98,17.02,15.0
2023-07-30 23:15:00,2.68,0.74,40.0,66.9,0.0056,7.85,2.12,14.72,3.7,11.38,8.35,8.02,22.5,9.95,10.48,13.28,17.38,10.62,15.62,11.52,15.0,18.72,0.0,13.0,20.18,15.88,13.95
2023-07-30 23:20:00,3.13,0.74,40.0,68.83,0.0056,8.13,2.17,14.47,3.8,11.17,8.97,7.8,23.5,9.47,9.7,12.43,16.5,10.73,14.5,10.9,14.5,17.33,0.0,12.17,18.37,14.73,12.9
2023-07-30 23:25:00,3.59,0.74,40.0,70.77,0.0056,8.42,2.21,14.21,3.9,10.96,9.58,7.57,24.5,8.98,8.93,11.59,15.62,10.84,13.38,10.28,14.0,15.94,0.0,11.33,16.56,13.59,11.85
2023-07-30 23:30:00,4.05,0.74,40.0,72.7,0.0056,8.7,2.25,13.95,4.0,10.75,10.2,7.35,25.5,8.5,8.15,10.75,14.75,10.95,12.25,9.65,13.5,14.55,0.0,10.5,14.75,12.45,10.8
2023-07-30 23:35:00,4.51,0.74,40.0,74.63,0.0056,8.98,2.29,13.69,4.1,10.54,10.82,7.12,26.5,8.02,7.38,9.91,13.88,11.06,11.12,9.02,13.0,13.16,0.0,9.67,12.94,11.31,9.75
2023-07-30 23:40:00,4.97,0.74,40.0,76.57,0.0056,9.27,2.33,13.43,4.2,10.33,11.43,6.9,27.5,7.53,6.6,9.07,13.0,11.17,10.0,8.4,12.5,11.77,0.0,8.83,11.13,10.17,8.7
2023-07-30 23:45:00,5.42,0.74,40.0,78.5,0.0056,9.55,2.38,13.18,4.3,10.12,12.05,6.68,28.5,7.05,5.82,8.22,12.12,11.28,8.88,7.78,12.0,10.38,0.0,8.0,9.32,9.02,7.65
2023-07-30 23:50:00,5.88,0.74,40.0,80.43,0.0056,9.83,2.42,12.92,4.4,9.92,12.67,6.45,29.5,6.57,5.05,7.38,11.25,11.38,7.75,7.15,11.5,8.98,0.0,7.17,7.52,7.88,6.6
2023-07-30 23:55:00,6.34,0.74,40.0,82.37,0.0056,10.12,2.46,12.66,4.5,9.71,13.28,6.22,30.5,6.08,4.28,6.54,10.38,11.49,6.62,6.52,11.0,7.59,0.0,6.33,5.71,6.74,5.55
2023-07-31 00:00:00,6.8,0.74,40.0,84.3,0.0014,10.4,2.5,12.4,4.6,9.5,13.9,6.0,31.5,5.6,3.5,5.7,9.5,11.6,5.5,5.9,10.5,6.2,0.0,5.5,3.9,5.6,4.5
2023-07-31 00:05:00,6.35,9.11,76.21,84.3,0.0014,10.54,2.46,12.26,5.07,9.33,14.58,5.84,31.54,6.04,3.68,6.02,9.46,11.67,6.29,6.43,10.79,6.4,0.0,7.0,4.78,5.42,4.43
2023-07-31 00:10:00,5.9,9.11,112.41,84.3,0.0014,10.68,2.42,12.12,5.53,9.17,15.25,5.68,31.58,6.48,3.87,6.35,9.42,11.73,7.08,6.95,11.08,6.6,0.0,8.5,5.65,5.23,4.37
2023-07-31 00:15:00,5.45,9.11,148.62,88.23,0.0014,10.82,2.38,11.98,6.0,9.0,15.92,5.52,31.62,6.92,4.05,6.68,9.38,11.8,7.88,7.48,11.38,6.8,0.0,10.0,6.52,5.05,4.3
2023-07-31 00:20:00,5.0,9.11,184.83,92.15,0.0014,10.97,2.33,11.83,6.47,8.83,16.6,5.37,31.67,7.37,4.23,7.0,9.33,11.87,8.67,8.0,11.67,7.0,0.0,11.5,7.4,4.87,4.23
2023-07-31 00:25:00,4.55,9.11,221.03,96.08,0.0014,11.11,2.29,11.69,6.93,8.67,17.27,5.21,31.71,7.81,4.42,7.32,9.29,11.93,9.46,8.52,11.96,7.2,0.0,13.0,8.28,4.68,4.17
2023-07-31 00:30:00,4.1,9.11,40.0,100.0,0.0014,11.25,2.25,11.55,7.4,8.5,17.95,5.05,31.75,8.25,4.6,7.65,9.25,12.0,10.25,9.05,12.25,7.4,0.0,14.5,9.15,4.5,4.1
2023-07-31 00:35:00,3.65,9.11,40.0,102.5,0.0014,11.39,2.21,11.41,7.87,8.33,18.62,4.89,31.79,8.69,4.78,7.98,9.21,12.07,11.04,9.57,12.54,7.6,0.0,16.0,10.02,4.32,4.03
2023-07-31 00:40:00,3.2,9.11,40.0,105.0,0.0014,11.53,2.17,11.27,8.33,8.17,19.3,4.73,31.83,9.13,4.97,8.3,9.17,12.13,11.83,10.1,12.83,7.8,0.0,17.5,10.9,4.13,3.97
2023-07-31 00:45:00,2.75,9.11,40.0,107.5,0.0014,11.68,2.12,11.12,8.8,8.0,19.98,4.57,31.88,9.57,5.15,8.62,9.12,12.2,12.62,10.62,13.12,8.0,0.0,19.0,11.78,3.95,3.9
2023-07-31 00:50:00,2.3,9.11,40.0,110.0,0.0014,11.82,2.08,10.98,9.27,7.83,20.65,4.42,31.92,10.02,5.33,8.95,9.08,12.27,13.42,11.15,13.42,8.2,0.0,20.5,12.65,3.77,3.83
2023-07-31 00:55:00,1.85,9.11,40.0,112.5,0.0014,11.96,2.04,10.84,9.73,7.67,21.32,4.26,31.96,10.46,5.52,9.27,9.04,12.33,14.21,11.68,13.71,8.4,0.0,22.0,13.52,3.58,3.77
2023-07-31 01:00:00,1.4,9.11,40.0,115.0,0.0014,12.1,2.0,10.7,10.2,7.5,22.0,4.1,32.0,10.9,5.7,9.6,9.0,12.4,15.0,12.2,14.0,8.6,0.0,23.5,14.4,3.4,3.7
2023-07-31 01:05:00,1.78,9.11,40.0,121.33,0.0014,11.32,2.0,10.41,10.48,7.17,20.84,4.2,30.04,10.59,5.42,9.05,8.62,11.61,14.75,11.57,13.12,8.43,0.0,21.79,13.27,3.15,3.42
2023-07-31 01:10:00,2.17,9.11,40.0,127.67,0.0014,10.53,2.0,10.12,10.77,6.83,19.68,4.3,28.08,10.28,5.15,8.5,8.25,10.82,14.5,10.93,12.25,8.27,0.0,20.08,12.13,2.9,3.13
2023-07-31 01:15:00,2.55,9.11,40.0,134.0,0.0014,9.75,2.0,9.82,11.05,6.5,18.52,4.4,26.12,9.98,4.88,7.95,7.88,10.02,14.25,10.3,11.38,8.1,0.0,18.38,11.0,2.65,2.85
2023-07-31 01:20:00,2.93,9.11,40.0,140.33,0.0014,8.97,2.0,9.53,11.33,6.17,17.37,4.5,24.17,9.67,4.6,7.4,7.5,9.23,14.0,9.67,10.5,7.93,0.0,16.67,9.87,2.4,2.57
2023-07-31 01:25:00,3.32,9.11,40.0,146.67,0.0014,8.18,2.0,9.24,11.62,5.83,16.21,4.6,22.21,9.36,4.32,6.85,7.12,8.44,13.75,9.03,9.62,7.77,0.0,14.96,8.73,2.15,2.28
2023-07-31 01:30:00,3.7,9.11,40.0,153.0,0.0014,7.4,2.0,8.95,11.9,5.5,15.05,4.7,20.25,9.05,4.05,6.3,6.75,7.65,13.5,8.4,8.75,7.6,0.0,13.25,7.6,1.9,2.0
2023-07-31 01:35:00,4.08,9.11,40.0,159.33,0.0014,6.62,2.0,8.66,12.18,5.17,13.89,4.8,18.29,8.74,3.78,5.75,6.38,6.86,13.25,7.77,7.88,7.43,0.0,11.54,6.47,1.65,1.72
2023-07-31 01:40:00,4.47,9.11,40.0,165.67,0.0014,5.83,2.0,8.37,12.47,4.83,12.73,4.9,16.33,8.43,3.5,5.2,6.0,6.07,13.0,7.13,7.0,7.27,0.0,9.83,5.33,1.4,1.43
2023-07-31 01:45:00,4.85,9.11,40.0,172.0,0.0014,5.05,2.0,8.07,12.75,4.5,11.58,5.0,14.38,8.12,3.22,4.65,5.62,5.28,12.75,6.5,6.12,7.1,0.0,8.12,4.2,1.15,1.15
2023-07-31 01:50:00,5.23,9.11,40.0,178.33,0.0014,4.27,2.0,7.78,13.03,4.17,10.42,5.1,12.42,7.82,2.95,4.1,5.25,4.48,12.5,5.87,5.25,6.93,0.0,6.42,3.07,0.9,0.87
2023-07-31 01:55:00,5.62,9.11,40.0,184.67,0.0014,3.48,2.0,7.49,13.32,3.83,9.26,5.2,10.46,7.51,2.68,3.55,4.88,3.69,12.25,5.23,4.38,6.77,0.0,4.71,1.93,0.65,0.58
2023-07-31 02:00:00,6.0,9.11,40.0,191.0,0.0014,2.7,2.0,7.2,13.6,3.5,8.1,5.3,8.5,7.2,2.4,3.0,4.5,2.9,12.0,4.6,3.5,6.6,0.0,3.0,0.8,0.4,0.3
2023-07-31 02:05:00,5.57,9.11,40.0,194.33,0.0014,2.75,2.0,7.12,12.92,3.83,8.62,5.01,9.54,7.08,2.51,3.34,4.67,3.54,11.67,5.16,4.25,7.62,0.0,4.12,1.72,1.05,0.93
2023-07-31 02:10:00,5.13,9.11,40.0,197.67,0.0014,2.8,2.0,7.05,12.23,4.17,9.15,4.72,10.58,6.97,2.62,3.68,4.83,4.18,11.33,5.72,5.0,8.65,0.0,5.25,2.63,1.7,1.57
2023-07-31 02:15:00,4.7,9.11,40.0,201.0,0.0014,2.85,2.0,6.98,11.55,4.5,9.68,4.42,11.62,6.85,2.72,4.03,5.0,4.82,11.0,6.28,5.75,9.67,0.0,6.38,3.55,2.35,2.2
2023-07-31 02:20:00,4.27,9.11,40.0,204.33,0.0014,2.9,2.0,6.9,10.87,4.83,10.2,4.13,12.67,6.73,2.83,4.37,5.17,5.47,10.67,6.83,6.5,10.7,0.0,7.5,4.47,3.0,2.83
2023-07-31 02:25:00,3.83,9.11,40.0,207.67,0.0014,2.95,2.0,6.82,10.18,5.17,10.72,3.84,13.71,6.62,2.94,4.71,5.33,6.11,10.33,7.39,7.25,11.72,0.0,8.62,5.38,3.65,3.47
2023-07-31 02:30:00,3.4,9.11,40.0,211.0,0.0014,3.0,2.0,6.75,9.5,5.5,11.25,3.55,14.75,6.5,3.05,5.05,5.5,6.75,10.0,7.95,8.0,12.75,0.0,9.75,6.3,4.3,4.1
2023-07-31 02:35:00,2.97,9.11,40.0,211.0,0.0014,3.05,2.0,6.68,8.82,5.83,11.78,3.26,15.79,6.38,3.16,5.39,5.67,7.39,9.67,8.51,8.75,13.77,0.0,10.88,7.22,4.95,4.73
2023-07-31 02:40:00,2.53,9.11,40.0,211.0,0.0014,3.1,2.0,6.6,8.13,6.17,12.3,2.97,16.83,6.27,3.27,5.73,5.83,8.03,9.33,9.07,9.5,14.8,0.0,12.0,8.13,5.6,5.37
2023-07-31 02:45:00,2.1,9.11,40.0,211.0,0.0014,3.15,2.0,6.52,7.45,6.5,12.82,2.68,17.88,6.15,3.38,6.07,6.0,8.67,9.0,9.62,10.25,15.82,0.0,13.12,9.05,6.25,6.0
2023-07-31 02:50:00,1.67,9.11,40.0,211.0,0.0014,3.2,2.0,6.45,6.77,6.83,13.35,2.38,18.92,6.03,3.48,6.42,6.17,9.32,8.67,10.18,11.0,16.85,0.0,14.25,9.97,6.9,6.63
2023-07-31 02:55:00,1.23,9.11,40.0,211.0,0.0014,3.25,2.0,6.38,6.08,7.17,13.88,2.09,19.96,5.92,3.59,6.76,6.33,9.96,8.33,10.74,11.75,17.88,0.0,15.38,10.88,7.55,7.27
2023-07-31 03:00:00,0.8,9.11,40.0,211.0,0.0014,3.3,2.0,6.3,5.4,7.5,14.4,1.8,21.0,5.8,3.7,7.1,6.5,10.6,8.0,11.3,12.5,18.9,0.0,16.5,11.8,8.2,7.9
2023-07-31 03:05:00,1.09,9.11,40.0,212.79,0.0014,3.8,1.96,6.78,5.21,8.21,13.75,2.15,20.54,5.88,3.68,6.83,6.42,10.35,7.88,10.83,11.96,18.11,0.0,15.96,11.28,7.82,7.49
2023-07-31 03:10:00,1.38,9.11,40.0,214.57,0.0014,4.3,1.92,7.27,5.02,8.92,13.1,2.5,20.08,5.95,3.67,6.57,6.33,10.1,7.75,10.37,11.42,17.32,0.0,15.42,10.75,7.45,7.08
2023-07-31 03:15:00,1.68,9.11,40.0,216.36,0.0014,4.8,1.88,7.75,4.82,9.62,12.45,2.85,19.62,6.02,3.65,6.3,6.25,9.85,7.62,9.9,10.88,16.52,0.0,14.88,10.23,7.07,6.68
2023-07-31 03:20:00,1.97,9.11,40.0,218.14,0.0014,5.3,1.83,8.23,4.63,10.33,11.8,3.2,19.17,6.1,3.63,6.03,6.17,9.6,7.5,9.43,10.33,15.73,0.0,14.33,9.7,6.7,6.27
2023-07-31 03:25:00,2.26,9.11,40.0,219.93,0.0014,5.8,1.79,8.72,4.44,11.04,11.15,3.55,18.71,6.18,3.62,5.77,6.08,9.35,7.38,8.97,9.79,14.94,0.0,13.79,9.18,6.32,5.86
2023-07-31 03:30:00,2.55,9.11,40.0,219.93,0.0014,6.3,1.75,9.2,4.25,11.75,10.5,3.9,18.25,6.25,3.6,5.5,6.0,9.1,7.25,8.5,9.25,14.15,0.0,13.25,8.65,5.95,5.45
2023-07-31 03:35:00,2.84,9.11,40.0,220.11,0.0014,6.8,1.71,9.68,4.06,12.46,9.85,4.25,17.79,6.32,3.58,5.23,5.92,8.85,7.12,8.03,8.71,13.36,0.0,12.71,8.12,5.57,5.04
2023-07-31 03:40:00,3.13,9.11,40.0,220.29,0.0014,7.3,1.67,10.17,3.87,13.17,9.2,4.6,17.33,6.4,3.57,4.97,5.83,8.6,7.0,7.57,8.17,12.57,0.0,12.17,7.6,5.2,4.63
2023-07-31 03:45:00,3.42,9.11,40.0,220.46,0.0014,7.8,1.62,10.65,3.68,13.88,8.55,4.95,16.88,6.48,3.55,4.7,5.75,8.35,6.88,7.1,7.62,11.78,0.0,11.62,7.08,4.82,4.22
2023-07-31 03:50:00,3.72,9.11,40.0,220.64,0.0014,8.3,1.58,11.13,3.48,14.58,7.9,5.3,16.42,6.55,3.53,4.43,5.67,8.1,6.75,6.63,7.08,10.98,0.0,11.08,6.55,4.45,3.82
2023-07-31 03:55:00,4.01,9.11,40.0,220.82,0.0014,8.8,1.54,11.62,3.29,15.29,7.25,5.65,15.96,6.62,3.52,4.17,5.58,7.85,6.62,6.17,6.54,10.19,0.0,10.54,6.02,4.08,3.41
2023-07-31 04:00:00,4.3,9.11,40.0,221.0,0.0014,9.3,1.5,12.1,3.1,16.0,6.6,6.0,15.5,6.7,3.5,3.9,5.5,7.6,6.5,5.7,6.0,9.4,0.0,10.0,5.5,3.7,3.0
2023-07-31 04:05:00,4.16,9.11,40.0,227.33,0.0014,10.08,1.54,11.77,3.91,15.46,8.5,6.68,18.17,8.36,4.7,4.66,6.5,8.53,6.54,6.14,6.62,10.39,0.0,9.79,5.52,3.62,3.02
2023-07-31 04:10:00,4.02,9.11,40.0,233.67,0.0014,10.85,1.58,11.43,4.72,14.92,10.4,7.37,20.83,10.02,5.9,5.42,7.5,9.47,6.58,6.58,7.25,11.38,0.0,9.58,5.55,3.53,3.03
2023-07-31 04:15:00,3.88,9.11,40.0,240.0,0.0014,11.62,1.62,11.1,5.52,14.38,12.3,8.05,23.5,11.68,7.1,6.18,8.5,10.4,6.62,7.02,7.88,12.38,0.0,9.38,5.58,3.45,3.05
2023-07-31 04:20:00,3.73,9.11,40.0,246.33,0.0014,12.4,1.67,10.77,6.33,13.83,14.2,8.73,26.17,13.33,8.3,6.93,9.5,11.33,6.67,7.47,8.5,13.37,0.0,9.17,5.6,3.37,3.07
2023-07-31 04:25:00,3.59,9.11,40.0,252.67,0.0014,13.18,1.71,10.43,7.14,13.29,16.1,9.42,28.83,14.99,9.5,7.69,10.5,12.27,6.71,7.91,9.12,14.36,0.0,8.96,5.62,3.28,3.08
2023-07-31 04:30:00,3.45,9.11,40.0,259.0,0.0014,13.95,1.75,10.1,7.95,12.75,18.0,10.1,31.5,16.65,10.7,8.45,11.5,13.2,6.75,8.35,9.75,15.35,0.0,8.75,5.65,3.2,3.1
2023-07-31 04:35:00,3.31,9.11,40.0,265.17,0.0014,14.73,1.79,9.77,8.76,12.21,19.9,10.78,34.17,18.31,11.9,9.21,12.5,14.13,6.79,8.79,10.38,16.34,0.0,8.54,5.68,3.12,3.12
2023-07-31 04:40:00,3.17,9.11,40.0,271.33,0.0014,15.5,1.83,9.43,9.57,11.67,21.8,11.47,36.83,19.97,13.1,9.97,13.5,15.07,6.83,9.23,11.0,17.33,0.0,8.33,5.7,3.03,3.13
2023-07-31 04:45:00,3.02,9.11,40.0,277.5,0.0014,16.28,1.88,9.1,10.38,11.12,23.7,12.15,39.5,21.62,14.3,10.72,14.5,16.0,6.88,9.68,11.62,18.33,0.0,8.12,5.72,2.95,3.15
2023-07-31 04:50:00,2.88,9.11,40.0,283.67,0.0014,17.05,1.92,8.77,11.18,10.58,25.6,12.83,42.17,23.28,15.5,11.48,15.5,16.93,6.92,10.12,12.25,19.32,0.0,7.92,5.75,2.87,3.17
2023-07-31 04:55:00,2.74,9.11,40.0,289.83,0.0014,17.83,1.96,8.43,11.99,10.04,27.5,13.52,44.83,24.94,16.7,12.24,16.5,17.87,6.96,10.56,12.88,20.31,0.0,7.71,5.78,2.78,3.18
2023-07-31 05:00:00,2.6,9.11,40.0,296.0,0.0014,18.6,2.0,8.1,12.8,9.5,29.4,14.2,47.5,26.6,17.9,13.0,17.5,18.8,7.0,11.0,13.5,21.3,0.0,7.5,5.8,2.7,3.2
2023-07-31 05:05:00,2.53,9.11,40.0,302.33,0.0014,17.47,1.96,7.76,12.22,9.46,28.28,13.67,45.0,25.38,16.88,12.49,17.17,17.81,6.62,10.62,13.12,20.92,0.0,7.33,5.7,2.81,3.28
2023-07-31 05:10:00,2.47,9.11,40.0,308.67,0.0014,16.33,1.92,7.42,11.63,9.42,27.15,13.13,42.5,24.15,15.85,11.98,16.83,16.82,6.25,10.25,12.75,20.53,0.0,7.17,5.6,2.92,3.37
2023-07-31 05:15:00,2.4,9.11,40.0,315.0,0.0014,15.2,1.88,7.07,11.05,9.38,26.02,12.6,40.0,22.92,14.82,11.48,16.5,15.82,5.88,9.88,12.38,20.15,0.0,7.0,5.5,3.03,3.45
2023-07-31 05:20:00,2.33,9.11,40.0,321.33,0.0014,14.07,1.83,6.73,10.47,9.33,24.9,12.07,37.5,21.7,13.8,10.97,16.17,14.83,5.5,9.5,12.0,19.77,0.0,6.83,5.4,3.13,3.53
2023-07-31 05:25:00,2.27,9.11,40.0,327.67,0.0014,12.93,1.79,6.39,9.88,9.29,23.78,11.53,35.0,20.48,12.77,10.46,15.83,13.84,5.12,9.12,11.62,19.38,0.0,6.67,5.3,3.24,3.62
2023-07-31 05:30:00,2.2,9.11,40.0,334.0,0.0014,11.8,1.75,6.05,9.3,9.25,22.65,11.0,32.5,19.25,11.75,9.95,15.5,12.85,4.75,8.75,11.25,19.0,0.0,6.5,5.2,3.35,3.7
2023-07-31 05:35:00,2.13,9.11,40.0,340.17,0.0014,10.67,1.71,5.71,8.72,9.21,21.52,10.47,30.0,18.02,10.72,9.44,15.17,11.86,4.38,8.38,10.88,18.62,0.0,6.33,5.1,3.46,3.78
2023-07-31 05:40:00,2.07,9.11,40.0,346.33,0.0014,9.53,1.67,5.37,8.13,9.17,20.4,9.93,27.5,16.8,9.7,8.93,14.83,10.87,4.0,8.0,10.5,18.23,0.0,6.17,5.0,3.57,3.87
2023-07-31 05:45:00,2.0,9.11,40.0,352.5,0.0014,8.4,1.62,5.03,7.55,9.12,19.27,9.4,25.0,15.58,8.67,8.43,14.5,9.88,3.62,7.62,10.12,17.85,0.0,6.0,4.9,3.68,3.95
2023-07-31 05:50:00,1.93,9.11,40.0,358.67,0.0014,7.27,1.58,4.68,6.97,9.08,18.15,8.87,22.5,14.35,7.65,7.92,14.17,8.88,3.25,7.25,9.75,17.47,0.0,5.83,4.8,3.78,4.03
2023-07-31 05:55:00,1.87,9.11,40.0,364.83,0.0014,6.13,1.54,4.34,6.38,9.04,17.02,8.33,20.0,13.13,6.62,7.41,13.83,7.89,2.88,6.88,9.38,17.08,0.0,5.67,4.7,3.89,4.12
2023-07-31 06:00:00,1.8,9.11,40.0,371.0,0.0014,5.0,1.5,4.0,5.8,9.0,15.9,7.8,17.5,11.9,5.6,6.9,13.5,6.9,2.5,6.5,9.0,16.7,0.0,5.5,4.6,4.0,4.2
2023-07-31 06:05:00,1.71,9.11,40.0,377.33,0.0014,5.03,1.5,4.38,5.84,9.88,16.36,7.76,19.42,12.71,5.92,7.14,13.83,7.26,2.92,6.59,9.0,17.44,0.0,5.92,4.88,4.82,4.26
2023-07-31 06:10:00,1.62,9.11,40.0,383.67,0.0014,5.07,1.5,4.77,5.88,10.75,16.82,7.72,21.33,13.52,6.25,7.38,14.17,7.62,3.33,6.68,9.0,18.18,0.0,6.33,5.15,5.65,4.32
2023-07-31 06:15:00,1.52,9.11,40.0,390.0,0.0014,5.1,1.5,5.15,5.92,11.62,17.27,7.68,23.25,14.32,6.57,7.62,14.5,7.98,3.75,6.78,9.0,18.92,0.0,6.75,5.42,6.48,4.38
2023-07-31 06:20:00,1.43,9.11,40.0,396.33,0.0014,5.13,1.5,5.53,5.97,12.5,17.73,7.63,25.17,15.13,6.9,7.87,14.83,8.33,4.17,6.87,9.0,19.67,0.0,7.17,5.7,7.3,4.43
2023-07-31 06:25:00,1.34,9.11,40.0,402.67,0.0014,5.17,1.5,5.92,6.01,13.38,18.19,7.59,27.08,15.94,7.22,8.11,15.17,8.69,4.58,6.96,9.0,20.41,0.0,7.58,5.98,8.12,4.49
2023-07-31 06:30:00,1.25,9.11,40.0,409.0,0.0014,5.2,1.5,6.3,6.05,14.25,18.65,7.55,29.0,16.75,7.55,8.35,15.5,9.05,5.0,7.05,9.0,21.15,0.0,8.0,6.25,8.95,4.55
2023-07-31 06:35:00,1.16,9.11,40.0,415.33,0.0014,5.23,1.5,6.68,6.09,15.12,19.11,7.51,30.92,17.56,7.88,8.59,15.83,9.41,5.42,7.14,9.0,21.89,0.0,8.42,6.52,9.78,4.61
2023-07-31 06:40:00,1.07,9.11,40.0,421.67,0.0014,5.27,1.5,7.07,6.13,16.0,19.57,7.47,32.83,18.37,8.2,8.83,16.17,9.77,5.83,7.23,9.0,22.63,0.0,8.83,6.8,10.6,4.67
2023-07-31 06:45:00,0.98,9.11,40.0,428.0,0.0014,5.3,1.5,7.45,6.18,16.88,20.02,7.42,34.75,19.18,8.52,9.08,16.5,10.12,6.25,7.32,9.0,23.38,0.0,9.25,7.08,11.42,4.73
2023-07-31 06:50:00,0.88,9.11,40.0,434.33,0.0014,5.33,1.5,7.83,6.22,17.75,20.48,7.38,36.67,19.98,8.85,9.32,16.83,10.48,6.67,7.42,9.0,24.12,0.0,9.67,7.35,12.25,4.78
2023-07-31 06:55:00,0.79,9.11,40.0,440.67,0.0014,5.37,1.5,8.22,6.26,18.62,20.94,7.34,38.58,20.79,9.18,9.56,17.17,10.84,7.08,7.51,9.0,24.86,0.0,10.08,7.62,13.08,4.84
2023-07-31 07:00:00,0.7,9.11,40.0,447.0,0.0014,5.4,1.5,8.6,6.3,19.5,21.4,7.3,40.5,21.6,9.5,9.8,17.5,11.2,7.5,7.6,9.0,25.6,0.0,10.5,7.9,13.9,4.9
2023-07-31 07:05:00,0.98,9.11,40.0,453.25,0.0014,5.36,1.5,8.85,6.57,20.29,22.49,7.91,41.29,20.69,10.06,9.83,18.33,11.27,7.67,7.64,9.29,26.4,0.0,11.04,8.0,14.58,6.16
2023-07-31 07:10:00,1.27,9.11,40.0,459.5,0.0014,5.32,1.5,9.1,6.83,21.08,23.58,8.52,42.08,19.78,10.62,9.85,19.17,11.33,7.83,7.68,9.58,27.2,0.0,11.58,8.1,15.27,7.42
2023-07-31 07:15:00,1.55,9.11,40.0,465.75,0.0014,5.28,1.5,9.35,7.1,21.88,24.67,9.12,42.88,18.88,11.18,9.88,20.0,11.4,8.0,7.72,9.88,28.0,0.0,12.12,8.2,15.95,8.68
2023-07-31 07:20:00,1.83,9.11,40.0,472.0,0.0014,5.23,1.5,9.6,7.37,22.67,25.77,9.73,43.67,17.97,11.73,9.9,20.83,11.47,8.17,7.77,10.17,28.8,0.0,12.67,8.3,16.63,9.93
2023-07-31 07:25:00,2.12,9.11,40.0,478.25,0.0014,5.19,1.5,9.85,7.63,23.46,26.86,10.34,44.46,17.06,12.29,9.93,21.67,11.53,8.33,7.81,10.46,29.6,0.0,13.21,8.4,17.32,11.19
2023-07-31 07:30:00,2.4,9.11,40.0,484.5,0.0014,5.15,1.5,10.1,7.9,24.25,27.95,10.95,45.25,16.15,12.85,9.95,22.5,11.6,8.5,7.85,10.75,30.4,0.0,13.75,8.5,18.0,12.45
2023-07-31 07:35:00,2.68,9.11,40.0,490.75,0.0014,5.11,1.5,10.35,8.17,25.04,29.04,11.56,46.04,15.24,13.41,9.98,23.33,11.67,8.67,7.89,11.04,31.2,0.0,14.29,8.6,18.68,13.71
2023-07-31 07:40:00,2.97,9.11,40.0,497.0,0.0014,5.07,1.5,10.6,8.43,25.83,30.13,12.17,46.83,14.33,13.97,10.0,24.17,11.73,8.83,7.93,11.33,32.0,0.0,14.83,8.7,19.37,14.97
2023-07-31 07:45:00,3.25,9.11,40.0,503.25,0.0014,5.03,1.5,10.85,8.7,26.62,31.22,12.77,47.62,13.42,14.52,10.02,25.0,11.8,9.0,7.98,11.62,32.8,0.0,15.38,8.8,20.05,16.23
2023-07-31 07:50:00,3.53,9.11,40.0,509.5,0.0014,4.98,1.5,11.1,8.97,27.42,32.32,13.38,48.42,12.52,15.08,10.05,25.83,11.87,9.17,8.02,11.92,33.6,0.0,15.92,8.9,20.73,17.48
2023-07-31 07:55:00,3.82,9.11,40.0,515.75,0.0014,4.94,1.5,11.35,9.23,28.21,33.41,13.99,49.21,11.61,15.64,10.07,26.67,11.93,9.33,8.06,12.21,34.4,0.0,16.46,9.0,21.42,18.74
2023-07-31 08:00:00,4.1,9.11,40.0,522.0,0.0014,4.9,1.5,11.6,9.5,29.0,34.5,14.6,50.0,10.7,16.2,10.1,27.5,12.0,9.5,8.1,12.5,35.2,0.0,17.0,9.1,22.1,20.0
2023-07-31 08:05:00,4.29,9.11,40.0,528.25,0.0014,6.07,1.54,12.93,11.0,28.21,35.25,15.33,49.12,11.62,16.68,11.82,29.0,13.78,11.62,10.65,14.79,37.73,0.0,19.79,11.72,23.15,22.48
2023-07-31 08:10:00,4.48,9.11,40.0,534.5,0.0014,7.23,1.58,14.27,12.5,27.42,36.0,16.07,48.25,12.55,17.17,13.53,30.5,15.55,13.75,13.2,17.08,40.27,0.0,22.58,14.35,24.2,24.97
2023-07-31 08:15:00,4.68,9.11,40.0,540.75,0.0014,8.4,1.62,15.6,14.0,26.62,36.75,16.8,47.38,13.48,17.65,15.25,32.0,17.32,15.88,15.75,19.38,42.8,0.0,25.38,16.98,25.25,27.45
2023-07-31 08:20:00,4.87,9.11,40.0,547.0,0.0014,9.57,1.67,16.93,15.5,25.83,37.5,17.53,46.5,14.4,18.13,16.97,33.5,19.1,18.0,18.3,21.67,45.33,0.0,28.17,19.6,26.3,29.93
2023-07-31 08:25:00,5.06,9.11,40.0,553.25,0.0014,10.73,1.71,18.27,17.0,25.04,38.25,18.27,45.62,15.32,18.62,18.68,35.0,20.88,20.12,20.85,23.96,47.87,0.0,30.96,22.22,27.35,32.42
2023-07-31 08:30:00,5.25,9.11,40.0,559.5,0.0014,11.9,1.75,19.6,18.5,24.25,39.0,19.0,44.75,16.25,19.1,20.4,36.5,22.65,22.25,23.4,26.25,50.4,0.0,33.75,24.85,28.4,34.9
2023-07-31 08:35:00,5.44,9.11,40.0,565.75,0.0014,13.07,1.79,20.93,20.0,23.46,39.75,19.73,43.88,17.18,19.58,22.12,38.0,24.42,24.38,25.95,28.54,52.93,0.0,36.54,27.48,29.45,37.38
2023-07-31 08:40:00,5.63,9.11,40.0,572.0,0.0014,14.23,1.83,22.27,21.5,22.67,40.5,20.47,43.0,18.1,20.07,23.83,39.5,26.2,26.5,28.5,30.83,55.47,0.0,39.33,30.1,30.5,39.87
2023-07-31 08:45:00,5.82,9.11,40.0,578.25,0.0014,15.4,1.88,23.6,23.0,21.88,41.25,21.2,42.12,19.02,20.55,25.55,41.0,27.98,28.62,31.05,33.12,58.0,0.0,42.12,32.72,31.55,42.35
2023-07-31 08:50:00,6.02,9.11,40.0,584.5,0.0014,16.57,1.92,24.93,24.5,21.08,42.0,21.93,41.25,19.95,21.03,27.27,42.5,29.75,30.75,33.6,35.42,60.53,0.0,44.92,35.35,32.6,44.83
2023-07-31 08:55:00,6.21,9.11,40.0,590.75,0.0014,17.73,1.96,26.27,26.0,20.29,42.75,22.67,40.38,20.88,21.52,28.98,44.0,31.52,32.88,36.15,37.71,63.07,0.0,47.71,37.98,33.65,47.32
2023-07-31 09:00:00,6.4,9.11,60.0,597.0,0.0014,18.9,2.0,27.6,27.5,19.5,43.5,23.4,39.5,21.8,22.0,30.7,45.5,33.3,35.0,38.7,40.0,65.6,0.0,50.5,40.6,34.7,49.8
2023-07-31 09:05:00,7.26,9.11,60.0,603.33,0.0014,19.68,2.0,28.47,26.98,18.42,41.79,22.54,39.12,21.42,22.39,30.81,44.79,35.6,35.46,40.0,42.75,67.08,0.0,50.29,42.12,33.3,46.46
2023-07-31 09:10:00,8.12,9.11,60.0,609.67,0.0014,20.47,2.0,29.33,26.45,17.33,40.08,21.68,38.75,21.03,22.78,30.92,44.08,37.9,35.92,41.3,45.5,68.57,0.0,50.08,43.63,31.9,43.12
2023-07-31 09:15:00,8.98,9.11,60.0,616.0,0.0014,21.25,2.0,30.2,25.92,16.25,38.38,20.82,38.38,20.65,23.18,31.02,43.38,40.2,36.38,42.6,48.25,70.05,0.0,49.88,45.15,30.5,39.78
2023-07-31 09:20:00,9.83,9.11,60.0,622.33,0.0014,22.03,2.0,31.07,25.4,15.17,36.67,19.97,38.0,20.27,23.57,31.13,42.67,42.5,36.83,43.9,51.0,71.53,0.0,49.67,46.67,29.1,36.43
2023-07-31 09:25:00,10.69,9.11,60.0,628.67,0.0014,22.82,2.0,31.93,24.88,14.08,34.96,19.11,37.62,19.88,23.96,31.24,41.96,44.8,37.29,45.2,53.75,73.02,0.0,49.46,48.18,27.7,33.09
2023-07-31 09:30:00,11.55,9.11,60.0,635.0,0.0014,23.6,2.0,32.8,24.35,13.0,33.25,18.25,37.25,19.5,24.35,31.35,41.25,47.1,37.75,46.5,56.5,74.5,0.0,49.25,49.7,26.3,29.75
2023-07-31 09:35:00,12.41,9.11,60.0,641.17,0.0014,24.38,2.0,33.67,23.82,11.92,31.54,17.39,36.88,19.12,24.74,31.46,40.54,49.4,38.21,47.8,59.25,75.98,0.0,49.04,51.22,24.9,26.41
2023-07-31 09:40:00,13.27,9.11,60.0,647.33,0.0014,25.17,2.0,34.53,23.3,10.83,29.83,16.53,36.5,18.73,25.13,31.57,39.83,51.7,38.67,49.1,62.0,77.47,0.0,48.83,52.73,23.5,23.07
2023-07-31 09:45:00,14.12,9.11,60.0,653.5,0.0014,25.95,2.0,35.4,22.78,9.75,28.12,15.68,36.12,18.35,25.52,31.68,39.12,54.0,39.12,50.4,64.75,78.95,0.0,48.62,54.25,22.1,19.73
2023-07-31 09:50:00,14.98,9.11,60.0,659.67,0.0014,26.73,2.0,36.27,22.25,8.67,26.42,14.82,35.75,17.97,25.92,31.78,38.42,56.3,39.58,51.7,67.5,80.43,0.0,48.42,55.77,20.7,16.38
2023-07-31 09:55:00,15.84,9.11,60.0,665.83,0.0014,27.52,2.0,37.13,21.72,7.58,24.71,13.96,35.38,17.58,26.31,31.89,37.71,58.6,40.04,53.0,70.25,81.92,0.0,48.21,57.28,19.3,13.04
2023-07-31 10:00:00,16.7,9.11,100.0,672.0,0.0014,28.3,2.0,38.0,21.2,6.5,23.0,13.1,35.0,17.2,26.7,32.0,37.0,60.9,40.5,54.3,73.0,83.4,0.0,48.0,58.8,17.9,9.7
2023-07-31 10:05:00,17.28,9.11,100.0,678.33,0.0014,28.07,1.96,37.51,19.79,6.54,21.79,12.72,32.58,16.68,25.42,30.75,35.5,56.72,41.83,52.08,69.88,77.73,0.0,45.91,59.78,20.62,9.62
2023-07-31 10:10:00,17.87,9.11,100.0,684.67,0.0014,27.83,1.92,37.02,18.38,6.58,20.58,12.33,30.17,16.17,24.15,29.5,34.0,52.53,43.17,49.85,66.75,72.07,0.0,43.82,60.77,23.35,9.55
2023-07-31 10:15:00,18.45,9.11,100.0,691.0,0.0014,27.6,1.88,36.52,16.98,6.62,19.38,11.95,27.75,15.65,22.88,28.25,32.5,48.35,44.5,47.62,63.62,66.4,0.0,41.72,61.75,26.08,9.48
2023-07-31 10:20:00,19.03,9.11,100.0,697.33,0.0014,27.37,1.83,36.03,15.57,6.67,18.17,11.57,25.33,15.13,21.6,27.0,31.0,44.17,45.83,45.4,60.5,60.73,0.0,39.63,62.73,28.8,9.4
2023-07-31 10:25:00,19.62,9.11,100.0,703.67,0.0014,27.13,1.79,35.54,14.16,6.71,16.96,11.18,22.92,14.62,20.32,25.75,29.5,39.98,47.17,43.18,57.38,55.07,0.0,37.54,63.72,31.52,9.32
2023-07-31 10:30:00,20.2,9.11,150.0,710.0,0.0014,26.9,1.75,35.05,12.75,6.75,15.75,10.8,20.5,14.1,19.05,24.5,28.0,35.8,48.5,40.95,54.25,49.4,0.0,35.45,64.7,34.25,9.25
2023-07-31 10:35:00,20.78,9.11,150.0,716.33,0.0014,26.67,1.71,34.56,11.34,6.79,14.54,10.42,18.08,13.58,17.77,23.25,26.5,31.62,49.83,38.72,51.12,43.73,0.0,33.36,65.68,36.98,9.18
2023-07-31 10:40:00,21.37,9.11,150.0,722.67,0.0014,26.43,1.67,34.07,9.93,6.83,13.33,10.03,15.67,13.07,16.5,22.0,25.0,27.43,51.17,36.5,48.0,38.07,0.0,31.27,66.67,39.7,9.1
2023-07-31 10:45:00,21.95,9.11,150.0,729.0,0.0014,26.2,1.62,33.58,8.52,6.88,12.12,9.65,13.25,12.55,15.22,20.75,23.5,23.25,52.5,34.28,44.88,32.4,0.0,29.17,67.65,42.42,9.02
2023-07-31 10:50:00,22.53,9.11,150.0,735.33,0.0014,25.97,1.58,33.08,7.12,6.92,10.92,9.27,10.83,12.03,13.95,19.5,22.0,19.07,53.83,32.05,41.75,26.73,0.0,27.08,68.63,45.15,8.95
2023-07-31 10:55:00,23.12,9.11,150.0,741.67,0.0014,25.73,1.54,32.59,5.71,6.96,9.71,8.88,8.42,11.52,12.68,18.25,20.5,14.88,55.17,29.83,38.62,21.07,0.0,24.99,69.62,47.88,8.88
2023-07-31 11:00:00,23.7,9.11,150.0,748.0,0.0014,25.5,1.5,32.1,4.3,7.0,8.5,8.5,6.0,11.0,11.4,17.0,19.0,10.7,56.5,27.6,35.5,15.4,0.0,22.9,70.6,50.6,8.8
2023-07-31 11:05:00,23.22,9.11,150.0,754.0,0.0014,24.46,1.38,30.12,4.33,7.38,10.08,8.59,6.21,10.47,12.1,15.91,17.58,10.08,52.67,25.87,33.25,14.9,0.0,21.79,65.28,46.58,8.23
2023-07-31 11:10:00,22.73,9.11,150.0,760.25,0.0014,23.42,1.25,28.15,4.37,7.75,11.67,8.68,6.42,9.93,12.8,14.82,16.17,9.47,48.83,24.13,31.0,14.4,0.0,20.68,59.97,42.57,7.65
2023-07-31 11:15:00,22.25,9.11,150.0,766.5,0.0014,22.38,1.12,26.18,4.4,8.12,13.25,8.78,6.62,9.4,13.5,13.72,14.75,8.85,45.0,22.4,28.75,13.9,0.0,19.58,54.65,38.55,7.08
2023-07-31 11:20:00,21.77,9.11,150.0,772.75,0.0014,21.33,1.0,24.2,4.43,8.5,14.83,8.87,6.83,8.87,14.2,12.63,13.33,8.23,41.17,20.67,26.5,13.4,0.0,18.47,49.33,34.53,6.5
2023-07-31 11:25:00,21.28,9.11,150.0,779.0,0.0014,20.29,0.88,22.22,4.47,8.88,16.42,8.96,7.04,8.33,14.9,11.54,11.92,7.62,37.33,18.93,24.25,12.9,0.0,17.36,44.02,30.52,5.93
2023-07-31 11:30:00,20.8,9.11,150.0,785.25,0.0014,19.25,0.75,20.25,4.5,9.25,18.0,9.05,7.25,7.8,15.6,10.45,10.5,7.0,33.5,17.2,22.0,12.4,0.0,16.25,38.7,26.5,5.35
2023-07-31 11:35:00,20.32,9.11,150.0,791.5,0.0014,18.21,0.62,18.27,4.53,9.62,19.58,9.14,7.46,7.27,16.3,9.36,9.08,6.38,29.67,15.47,19.75,11.9,0.0,15.14,33.38,22.48,4.78
2023-07-31 11:40:00,19.83,9.11,150.0,797.75,0.0014,17.17,0.5,16.3,4.57,10.0,21.17,9.23,7.67,6.73,17.0,8.27,7.67,5.77,25.83,13.73,17.5,11.4,0.0,14.03,28.07,18.47,4.2
2023-07-31 11:45:00,19.35,9.11,150.0,804.0,0.0014,16.12,0.38,14.32,4.6,10.38,22.75,9.32,7.88,6.2,17.7,7.18,6.25,5.15,22.0,12.0,15.25,10.9,0.0,12.92,22.75,14.45,3.62
2023-07-31 11:50:00,18.87,9.11,150.0,810.25,0.0014,15.08,0.25,12.35,4.63,10.75,24.33,9.42,8.08,5.67,18.4,6.08,4.83,4.53,18.17,10.27,13.0,10.4,0.0,11.82,17.43,10.43,3.05
2023-07-31 11:55:00,18.38,9.11,150.0,816.5,0.0014,14.04,0.12,10.38,4.67,11.12,25.92,9.51,8.29,5.13,19.1,4.99,3.42,3.92,14.33,8.53,10.75,9.9,0.0,10.71,12.12,6.42,2.48
2023-07-31 12:00:00,17.9,9.11,150.0,816.5,0.0014,13.0,0.0,8.4,4.7,11.5,27.5,9.6,8.5,4.6,19.8,3.9,2.0,3.3,10.5,6.8,8.5,9.4,0.0,9.6,6.8,2.4,1.9
2023-07-31 12:05:00,16.73,9.11,174.08,848.05,0.0014,12.32,0.0,8.15,5.26,11.38,25.21,9.21,8.79,4.46,18.49,3.83,2.25,3.39,9.88,6.49,8.12,9.6,0.0,9.72,6.58,2.25,1.75
2023-07-31 12:10:00,15.57,9.11,198.17,879.61,0.0014,11.63,0.0,7.9,5.82,11.25,22.92,8.82,9.08,4.32,17.18,3.77,2.5,3.48,9.25,6.18,7.75,9.8,0.0,9.85,6.37,2.1,1.6
2023-07-31 12:15:00,14.4,9.11,222.25,911.16,0.0014,10.95,0.0,7.65,6.38,11.12,20.62,8.43,9.38,4.18,15.88,3.7,2.75,3.58,8.62,5.88,7.38,10.0,0.0,9.98,6.15,1.95,1.45
2023-07-31 12:20:00,13.23,9.11,246.33,942.72,0.0014,10.27,0.0,7.4,6.93,11.0,18.33,8.03,9.67,4.03,14.57,3.63,3.0,3.67,8.0,5.57,7.0,10.2,0.0,10.1,5.93,1.8,1.3
2023-07-31 12:25:00,12.07,9.11,270.42,974.27,0.0014,9.58,0.0,7.15,7.49,10.88,16.04,7.64,9.96,3.89,13.26,3.57,3.25,3.76,7.38,5.26,6.62,10.4,0.0,10.22,5.72,1.65,1.15
2023-07-31 12:30:00,10.9,9.11,294.5,1005.82,0.0014,8.9,0.0,6.9,8.05,10.75,13.75,7.25,10.25,3.75,11.95,3.5,3.5,3.85,6.75,4.95,6.25,10.6,0.0,10.35,5.5,1.5,1.0
2023-07-31 12:35:00,9.73,9.11,318.58,1037.38,0.0014,8.22,0.0,6.65,8.61,10.62,11.46,6.86,10.54,3.61,10.64,3.43,3.75,3.94,6.12,4.64,5.88,10.8,0.0,10.48,5.28,1.35,0.85
2023-07-31 12:40:00,8.57,9.11,342.67,1037.38,0.0014,7.53,0.0,6.4,9.17,10.5,9.17,6.47,10.83,3.47,9.33,3.37,4.0,4.03,5.5,4.33,5.5,11.0,0.0,10.6,5.07,1.2,0.7
2023-07-31 12:45:00,7.4,9.11,366.75,1030.23,0.0014,6.85,0.0,6.15,9.73,10.38,6.88,6.08,11.12,3.32,8.02,3.3,4.25,4.12,4.88,4.03,5.12,11.2,0.0,10.72,4.85,1.05,0.55
2023-07-31 12:50:00,6.23,9.11,390.83,1023.08,0.0014,6.17,0.0,5.9,10.28,10.25,4.58,5.68,11.42,3.18,6.72,3.23,4.5,4.22,4.25,3.72,4.75,11.4,0.0,10.85,4.63,0.9,0.4
2023-07-31 12:55:00,5.07,9.11,414.92,1015.93,0.0014,5.48,0.0,5.65,10.84,10.12,2.29,5.29,11.71,3.04,5.41,3.17,4.75,4.31,3.62,3.41,4.38,11.6,0.0,10.98,4.42,0.75,0.25
2023-07-31 13:00:00,3.9,9.11,439.0,1008.78,0.0014,4.8,0.0,5.4,11.4,10.0,0.0,4.9,12.0,2.9,4.1,3.1,5.0,4.4,3.0,3.1,4.0,11.8,0.0,11.1,4.2,0.6,0.1
2023-07-31 13:05:00,5.22,9.11,439.0,1001.64,0.0014,5.38,0.0,5.44,10.81,9.83,0.0,4.93,12.0,3.1,4.08,3.22,4.83,4.56,3.29,3.3,4.12,11.67,0.0,11.47,4.37,1.15,0.72
2023-07-31 13:10:00,6.53,9.11,439.0,994.49,0.0014,5.95,0.0,5.48,10.22,9.67,0.0,4.95,12.0,3.3,4.07,3.35,4.67,4.72,3.58,3.5,4.25,11.53,0.0,11.83,4.53,1.7,1.33
2023-07-31 13:15:00,7.85,9.11,439.0,987.34,0.0014,6.52,0.0,5.52,9.62,9.5,0.0,4.98,12.0,3.5,4.05,3.48,4.5,4.88,3.88,3.7,4.38,11.4,0.0,12.2,4.7,2.25,1.95
2023-07-31 13:20:00,9.17,9.11,439.0,980.19,0.0014,7.1,0.0,5.57,9.03,9.33,0.0,5.0,12.0,3.7,4.03,3.6,4.33,5.03,4.17,3.9,4.5,11.27,0.0,12.57,4.87,2.8,2.57
2023-07-31 13:25:00,10.48,9.11,439.0,973.04,0.0014,7.68,0.0,5.61,8.44,9.17,0.0,5.03,12.0,3.9,4.02,3.72,4.17,5.19,4.46,4.1,4.62,11.13,0.0,12.93,5.03,3.35,3.18
2023-07-31 13:30:00,11.8,9.11,500.0,965.89,0.0014,8.25,0.0,5.65,7.85,9.0,0.0,5.05,12.0,4.1,4.0,3.85,4.0,5.35,4.75,4.3,4.75,11.0,0.0,13.3,5.2,3.9,3.8
2023-07-31 13:35:00,13.12,9.11,500.0,958.74,0.0014,8.82,0.0,5.69,7.26,8.83,0.0,5.08,12.0,4.3,3.98,3.97,3.83,5.51,5.04,4.5,4.88,10.87,0.0,13.67,5.37,4.45,4.42
2023-07-31 13:40:00,14.43,9.11,500.0,951.59,0.0014,9.4,0.0,5.73,6.67,8.67,0.0,5.1,12.0,4.5,3.97,4.1,3.67,5.67,5.33,4.7,5.0,10.73,0.0,14.03,5.53,5.0,5.03
2023-07-31 13:45:00,15.75,9.11,500.0,944.45,0.0014,9.98,0.0,5.78,6.08,8.5,0.0,5.12,12.0,4.7,3.95,4.22,3.5,5.82,5.62,4.9,5.12,10.6,0.0,14.4,5.7,5.55,5.65
2023-07-31 13:50:00,17.07,9.11,500.0,937.3,0.0014,10.55,0.0,5.82,5.48,8.33,0.0,5.15,12.0,4.9,3.93,4.35,3.33,5.98,5.92,5.1,5.25,10.47,0.0,14.77,5.87,6.1,6.27
2023-07-31 13:55:00,18.38,9.11,500.0,930.15,0.0014,11.12,0.0,5.86,4.89,8.17,0.0,5.18,12.0,5.1,3.92,4.47,3.17,6.14,6.21,5.3,5.38,10.33,0.0,15.13,6.03,6.65,6.88
2023-07-31 14:00:00,19.7,9.11,500.0,923.0,0.0014,11.7,0.0,5.9,4.3,8.0,0.0,5.2,12.0,5.3,3.9,4.6,3.0,6.3,6.5,5.5,5.5,10.2,0.0,15.5,6.2,7.2,7.5
2023-07-31 14:05:00,18.54,9.11,500.0,919.17,0.0014,11.18,0.0,6.08,4.38,8.12,0.0,5.1,12.79,5.09,3.92,4.62,3.21,6.3,6.29,5.37,5.25,9.92,0.0,15.58,5.87,6.7,6.9
2023-07-31 14:10:00,17.38,9.11,500.0,915.33,0.0014,10.67,0.0,6.27,4.45,8.25,0.0,5.0,13.58,4.88,3.93,4.65,3.42,6.3,6.08,5.23,5.0,9.65,0.0,15.67,5.53,6.2,6.3
2023-07-31 14:15:00,16.23,9.11,500.0,911.5,0.0014,10.15,0.0,6.45,4.53,8.38,0.0,4.9,14.38,4.68,3.95,4.68,3.62,6.3,5.88,5.1,4.75,9.38,0.0,15.75,5.2,5.7,5.7
2023-07-31 14:20:00,15.07,9.11,500.0,907.67,0.0014,9.63,0.0,6.63,4.6,8.5,0.0,4.8,15.17,4.47,3.97,4.7,3.83,6.3,5.67,4.97,4.5,9.1,0.0,15.83,4.87,5.2,5.1
2023-07-31 14:25:00,13.91,9.11,500.0,903.83,0.0014,9.12,0.0,6.82,4.68,8.62,0.0,4.7,15.96,4.26,3.98,4.72,4.04,6.3,5.46,4.83,4.25,8.82,0.0,15.92,4.53,4.7,4.5
2023-07-31 14:30:00,12.75,9.11,500.0,900.0,0.0014,8.6,0.0,7.0,4.75,8.75,0.0,4.6,16.75,4.05,4.0,4.75,4.25,6.3,5.25,4.7,4.0,8.55,0.0,16.0,4.2,4.2,3.9
2023-07-31 14:35:00,11.59,9.11,500.0,916.67,0.0014,8.08,0.0,7.18,4.82,8.88,0.0,4.5,17.54,3.84,4.02,4.78,4.46,6.3,5.04,4.57,3.75,8.28,0.0,16.08,3.87,3.7,3.3
2023-07-31 14:40:00,10.43,9.11,500.0,933.33,0.0014,7.57,0.0,7.37,4.9,9.0,0.0,4.4,18.33,3.63,4.03,4.8,4.67,6.3,4.83,4.43,3.5,8.0,0.0,16.17,3.53,3.2,2.7
2023-07-31 14:45:00,9.28,9.11,500.0,950.0,0.0014,7.05,0.0,7.55,4.97,9.12,0.0,4.3,19.12,3.42,4.05,4.82,4.88,6.3,4.62,4.3,3.25,7.72,0.0,16.25,3.2,2.7,2.1
2023-07-31 14:50:00,8.12,9.11,500.0,966.67,0.0014,6.53,0.0,7.73,5.05,9.25,0.0,4.2,19.92,3.22,4.07,4.85,5.08,6.3,4.42,4.17,3.0,7.45,0.0,16.33,2.87,2.2,1.5
2023-07-31 14:55:00,6.96,9.11,500.0,983.33,0.0014,6.02,0.0,7.92,5.12,9.38,0.0,4.1,20.71,3.01,4.08,4.88,5.29,6.3,4.21,4.03,2.75,7.18,0.0,16.42,2.53,1.7,0.9
2023-07-31 15:00:00,5.8,9.11,500.0,1000.0,0.0014,5.5,0.0,8.1,5.2,9.5,0.0,4.0,21.5,2.8,4.1,4.9,5.5,6.3,4.0,3.9,2.5,6.9,0.0,16.5,2.2,1.2,0.3
2023-07-31 15:05:00,5.7,9.11,500.0,1008.33,0.0014,5.42,0.0,7.68,6.48,9.29,2.33,4.53,22.08,2.97,4.2,4.68,5.33,5.97,4.04,3.83,2.54,6.52,0.0,17.15,2.41,1.27,0.51
2023-07-31 15:10:00,5.6,9.11,500.0,1016.67,0.0014,5.35,0.0,7.25,7.77,9.08,4.67,5.07,22.67,3.15,4.3,4.45,5.17,5.63,4.08,3.77,2.58,6.13,0.0,17.8,2.62,1.35,0.72
2023-07-31 15:15:00,5.5,9.11,500.0,1025.0,0.0014,5.28,0.0,6.82,9.05,8.88,7.0,5.6,23.25,3.32,4.4,4.23,5.0,5.3,4.12,3.7,2.62,5.75,0.0,18.45,2.82,1.42,0.92
2023-07-31 15:20:00,5.4,9.11,500.0,1033.33,0.0014,5.2,0.0,6.4,10.33,8.67,9.33,6.13,23.83,3.5,4.5,4.0,4.83,4.97,4.17,3.63,2.67,5.37,0.0,19.1,3.03,1.5,1.13
2023-07-31 15:25:00,5.3,9.11,500.0,1041.67,0.0014,5.12,0.0,5.98,11.62,8.46,11.67,6.67,24.42,3.68,4.6,3.78,4.67,4.63,4.21,3.57,2.71,4.98,0.0,19.75,3.24,1.58,1.34
2023-07-31 15:30:00,5.2,9.11,500.0,1050.0,0.0014,5.05,0.0,5.55,12.9,8.25,14.0,7.2,25.0,3.85,4.7,3.55,4.5,4.3,4.25,3.5,2.75,4.6,0.0,20.4,3.45,1.65,1.55
2023-07-31 15:35:00,5.1,9.11,500.0,1058.33,0.0014,4.97,0.0,5.12,14.18,8.04,16.33,7.73,25.58,4.03,4.8,3.32,4.33,3.97,4.29,3.43,2.79,4.22,0.0,21.05,3.66,1.72,1.76
2023-07-31 15:40:00,5.0,9.11,500.0,1066.67,0.0014,4.9,0.0,4.7,15.47,7.83,18.67,8.27,26.17,4.2,4.9,3.1,4.17,3.63,4.33,3.37,2.83,3.83,0.0,21.7,3.87,1.8,1.97
2023-07-31 15:45:00,4.9,9.11,500.0,1075.0,0.0014,4.82,0.0,4.28,16.75,7.62,21.0,8.8,26.75,4.38,5.0,2.88,4.0,3.3,4.38,3.3,2.88,3.45,0.0,22.35,4.08,1.88,2.17
2023-07-31 15:50:00,4.8,9.11,500.0,1083.33,0.0014,4.75,0.0,3.85,18.03,7.42,23.33,9.33,27.33,4.55,5.1,2.65,3.83,2.97,4.42,3.23,2.92,3.07,0.0,23.0,4.28,1.95,2.38
2023-07-31 15:55:00,4.7,9.11,500.0,1091.67,0.0014,4.68,0.0,3.42,19.32,7.21,25.67,9.87,27.92,4.73,5.2,2.43,3.67,2.63,4.46,3.17,2.96,2.68,0.0,23.65,4.49,2.02,2.59
2023-07-31 16:00:00,4.6,9.11,500.0,1100.0,0.0014,4.6,0.0,3.0,20.6,7.0,28.0,10.4,28.5,4.9,5.3,2.2,3.5,2.3,4.5,3.1,3.0,2.3,0.0,24.3,4.7,2.1,2.8
2023-07-31 16:05:00,4.47,9.11,500.0,1096.17,0.0014,4.39,0.0,2.88,19.55,6.79,25.83,9.89,26.54,4.65,4.98,2.21,3.71,2.12,4.54,2.96,3.29,2.17,0.0,23.01,5.88,3.86,4.9
2023-07-31 16:10:00,4.35,9.11,500.0,1092.33,0.0014,4.18,0.0,2.77,18.5,6.58,23.67,9.38,24.58,4.4,4.67,2.22,3.92,1.93,4.58,2.82,3.58,2.05,0.0,21.72,7.07,5.62,7.0
2023-07-31 16:15:00,4.22,9.11,500.0,1088.5,0.0014,3.97,0.0,2.65,17.45,6.38,21.5,8.88,22.62,4.15,4.35,2.22,4.12,1.75,4.62,2.68,3.88,1.92,0.0,20.42,8.25,7.38,9.1
2023-07-31 16:20:00,4.1,9.11,500.0,1084.67,0.0014,3.77,0.0,2.53,16.4,6.17,19.33,8.37,20.67,3.9,4.03,2.23,4.33,1.57,4.67,2.53,4.17,1.8,0.0,19.13,9.43,9.13,11.2
2023-07-31 16:25:00,3.97,9.11,500.0,1080.83,0.0014,3.56,0.0,2.42,15.35,5.96,17.17,7.86,18.71,3.65,3.72,2.24,4.54,1.38,4.71,2.39,4.46,1.67,0.0,17.84,10.62,10.89,13.3
2023-07-31 16:30:00,3.85,9.11,490.0,1077.0,0.0014,3.35,0.0,2.3,14.3,5.75,15.0,7.35,16.75,3.4,3.4,2.25,4.75,1.2,4.75,2.25,4.75,1.55,0.0,16.55,11.8,12.65,15.4
2023-07-31 16:35:00,3.72,9.11,490.0,1073.17,0.0014,3.14,0.0,2.18,13.25,5.54,12.83,6.84,14.79,3.15,3.08,2.26,4.96,1.02,4.79,2.11,5.04,1.42,0.0,15.26,12.98,14.41,17.5
2023-07-31 16:40:00,3.6,9.11,490.0,1069.33,0.0014,2.93,0.0,2.07,12.2,5.33,10.67,6.33,12.83,2.9,2.77,2.27,5.17,0.83,4.83,1.97,5.33,1.3,0.0,13.97,14.17,16.17,19.6
2023-07-31 16:45:00,3.48,9.11,490.0,1065.5,0.0014,2.72,0.0,1.95,11.15,5.12,8.5,5.82,10.88,2.65,2.45,2.28,5.38,0.65,4.88,1.82,5.62,1.18,0.0,12.68,15.35,17.92,21.7
2023-07-31 16:50:00,3.35,9.11,490.0,1061.67,0.0014,2.52,0.0,1.83,10.1,4.92,6.33,5.32,8.92,2.4,2.13,2.28,5.58,0.47,4.92,1.68,5.92,1.05,0.0,11.38,16.53,19.68,23.8
2023-07-31 16:55:00,3.22,9.11,490.0,1057.83,0.0014,2.31,0.0,1.72,9.05,4.71,4.17,4.81,6.96,2.15,1.82,2.29,5.79,0.28,4.96,1.54,6.21,0.92,0.0,10.09,17.72,21.44,25.9
2023-07-31 17:00:00,3.1,9.11,470.0,1054.0,0.0014,2.1,0.0,1.6,8.0,4.5,2.0,4.3,5.0,1.9,1.5,2.3,6.0,0.1,5.0,1.4,6.5,0.8,0.0,8.8,18.9,23.2,28.0
2023-07-31 17:05:00,2.84,9.11,470.0,1050.17,0.0014,1.99,0.0,1.68,7.62,4.58,2.25,4.07,5.0,2.09,1.81,2.38,6.38,0.28,5.08,2.38,7.88,1.43,0.0,8.91,19.67,22.78,26.95
2023-07-31 17:10:00,2.58,9.11,470.0,1046.33,0.0014,1.88,0.0,1.75,7.23,4.67,2.5,3.83,5.0,2.28,2.12,2.45,6.75,0.47,5.17,3.37,9.25,2.07,0.0,9.02,20.45,22.35,25.9
2023-07-31 17:15:00,2.33,9.11,470.0,1042.5,0.0014,1.78,0.0,1.83,6.85,4.75,2.75,3.6,5.0,2.48,2.42,2.52,7.12,0.65,5.25,4.35,10.62,2.7,0.0,9.12,21.22,21.92,24.85
2023-07-31 17:20:00,2.07,9.11,470.0,1038.67,0.0014,1.67,0.0,1.9,6.47,4.83,3.0,3.37,5.0,2.67,2.73,2.6,7.5,0.83,5.33,5.33,12.0,3.33,0.0,9.23,22.0,21.5,23.8
2023-07-31 17:25:00,1.81,9.11,470.0,1034.83,0.0014,1.56,0.0,1.98,6.08,4.92,3.25,3.13,5.0,2.86,3.04,2.68,7.88,1.02,5.42,6.32,13.38,3.97,0.0,9.34,22.78,21.08,22.75
2023-07-31 17:30:00,1.55,9.11,470.0,1031.0,0.0014,1.45,0.0,2.05,5.7,5.0,3.5,2.9,5.0,3.05,3.35,2.75,8.25,1.2,5.5,7.3,14.75,4.6,0.0,9.45,23.55,20.65,21.7
2023-07-31 17:35:00,1.29,9.11,470.0,1027.17,0.0014,1.34,0.0,2.12,5.32,5.08,3.75,2.67,5.0,3.24,3.66,2.82,8.62,1.38,5.58,8.28,16.12,5.23,0.0,9.56,24.32,20.23,20.65
2023-07-31 17:40:00,1.03,9.11,470.0,1023.33,0.0014,1.23,0.0,2.2,4.93,5.17,4.0,2.43,5.0,3.43,3.97,2.9,9.0,1.57,5.67,9.27,17.5,5.87,0.0,9.67,25.1,19.8,19.6
2023-07-31 17:45:00,0.77,9.11,470.0,1019.5,0.0014,1.12,0.0,2.28,4.55,5.25,4.25,2.2,5.0,3.62,4.28,2.98,9.38,1.75,5.75,10.25,18.88,6.5,0.0,9.78,25.88,19.38,18.55
2023-07-31 17:50:00,0.52,9.11,470.0,1015.67,0.0014,1.02,0.0,2.35,4.17,5.33,4.5,1.97,5.0,3.82,4.58,3.05,9.75,1.93,5.83,11.23,20.25,7.13,0.0,9.88,26.65,18.95,17.5
2023-07-31 17:55:00,0.26,9.11,470.0,1011.83,0.0014,0.91,0.0,2.42,3.78,5.42,4.75,1.73,5.0,4.01,4.89,3.12,10.12,2.12,5.92,12.22,21.62,7.77,0.0,9.99,27.42,18.53,16.45
2023-07-31 18:00:00,0.0,9.11,470.0,1008.0,0.0014,0.8,0.0,2.5,3.4,5.5,5.0,1.5,5.0,4.2,5.2,3.2,10.5,2.3,6.0,13.2,23.0,8.4,0.0,10.1,28.2,18.1,15.4
2023-07-31 18:05:00,0.04,9.11,470.0,1004.17,0.0014,1.08,0.0,3.58,3.35,6.17,5.33,1.54,5.33,4.18,5.01,3.17,9.79,2.49,6.83,13.11,21.83,8.03,0.0,9.84,26.35,16.62,14.13
2023-07-31 18:10:00,0.08,9.11,470.0,1000.33,0.0014,1.37,0.0,4.67,3.3,6.83,5.67,1.58,5.67,4.15,4.82,3.13,9.08,2.68,7.67,13.02,20.67,7.67,0.0,9.58,24.5,15.13,12.87
2023-07-31 18:15:00,0.12,9.11,470.0,996.5,0.0014,1.65,0.0,5.75,3.25,7.5,6.0,1.62,6.0,4.12,4.62,3.1,8.38,2.88,8.5,12.92,19.5,7.3,0.0,9.32,22.65,13.65,11.6
2023-07-31 18:20:00,0.17,9.11,470.0,992.67,0.0014,1.93,0.0,6.83,3.2,8.17,6.33,1.67,6.33,4.1,4.43,3.07,7.67,3.07,9.33,12.83,18.33,6.93,0.0,9.07,20.8,12.17,10.33
2023-07-31 18:25:00,0.21,9.11,470.0,988.83,0.0014,2.22,0.0,7.92,3.15,8.83,6.67,1.71,6.67,4.08,4.24,3.03,6.96,3.26,10.17,12.74,17.17,6.57,0.0,8.81,18.95,10.68,9.07
2023-07-31 18:30:00,0.25,9.11,470.0,985.0,0.0014,2.5,0.0,9.0,3.1,9.5,7.0,1.75,7.0,4.05,4.05,3.0,6.25,3.45,11.0,12.65,16.0,6.2,0.0,8.55,17.1,9.2,7.8
2023-07-31 18:35:00,0.29,9.11,470.0,981.17,0.0014,2.78,0.0,10.08,3.05,10.17,7.33,1.79,7.33,4.03,3.86,2.97,5.54,3.64,11.83,12.56,14.83,5.83,0.0,8.29,15.25,7.72,6.53
2023-07-31 18:40:00,0.33,9.11,470.0,977.33,0.0014,3.07,0.0,11.17,3.0,10.83,7.67,1.83,7.67,4.0,3.67,2.93,4.83,3.83,12.67,12.47,13.67,5.47,0.0,8.03,13.4,6.23,5.27
2023-07-31 18:45:00,0.38,9.11,470.0,973.5,0.0014,3.35,0.0,12.25,2.95,11.5,8.0,1.88,8.0,3.98,3.48,2.9,4.12,4.02,13.5,12.38,12.5,5.1,0.0,7.78,11.55,4.75,4.0
2023-07-31 18:50:00,0.42,9.11,470.0,969.67,0.0014,3.63,0.0,13.33,2.9,12.17,8.33,1.92,8.33,3.95,3.28,2.87,3.42,4.22,14.33,12.28,11.33,4.73,0.0,7.52,9.7,3.27,2.73
2023-07-31 18:55:00,0.46,9.11,470.0,965.83,0.0014,3.92,0.0,14.42,2.85,12.83,8.67,1.96,8.67,3.92,3.09,2.83,2.71,4.41,15.17,12.19,10.17,4.37,0.0,7.26,7.85,1.78,1.47
2023-07-31 19:00:00,0.5,9.11,470.0,962.0,0.0014,4.2,0.0,15.5,2.8,13.5,9.0,2.0,9.0,3.9,2.9,2.8,2.0,4.6,16.0,12.1,9.0,4.0,0.0,7.0,6.0,0.3,0.2
2023-07-31 19:05:00,0.68,9.11,470.0,956.5,0.0014,4.11,0.0,14.77,3.35,13.21,9.29,3.3,10.04,3.88,3.25,2.69,2.08,4.31,14.96,11.44,8.58,3.83,0.0,6.98,5.6,0.27,0.19
2023-07-31 19:10:00,0.87,9.11,470.0,951.0,0.0014,4.02,0.0,14.03,3.9,12.92,9.58,4.6,11.08,3.87,3.6,2.58,2.17,4.02,13.92,10.78,8.17,3.67,0.0,6.95,5.2,0.25,0.18
2023-07-31 19:15:00,1.05,9.11,470.0,945.5,0.0014,3.92,0.0,13.3,4.45,12.62,9.88,5.9,12.12,3.85,3.95,2.47,2.25,3.72,12.88,10.12,7.75,3.5,0.0,6.92,4.8,0.22,0.18
2023-07-31 19:20:00,1.23,9.11,470.0,940.0,0.0014,3.83,0.0,12.57,5.0,12.33,10.17,7.2,13.17,3.83,4.3,2.37,2.33,3.43,11.83,9.47,7.33,3.33,0.0,6.9,4.4,0.2,0.17
2023-07-31 19:25:00,1.42,9.11,470.0,934.5,0.0014,3.74,0.0,11.83,5.55,12.04,10.46,8.5,14.21,3.82,4.65,2.26,2.42,3.14,10.79,8.81,6.92,3.17,0.0,6.88,4.0,0.18,0.16
2023-07-31 19:30:00,1.6,9.11,470.0,929.0,0.0014,3.65,0.0,11.1,6.1,11.75,10.75,9.8,15.25,3.8,5.0,2.15,2.5,2.85,9.75,8.15,6.5,3.0,0.0,6.85,3.6,0.15,0.15
2023-07-31 19:35:00,1.78,9.11,470.0,923.5,0.0014,3.56,0.0,10.37,6.65,11.46,11.04,11.1,16.29,3.78,5.35,2.04,2.58,2.56,8.71,7.49,6.08,2.83,0.0,6.82,3.2,0.12,0.14
2023-07-31 19:40:00,1.97,9.11,470.0,918.0,0.0014,3.47,0.0,9.63,7.2,11.17,11.33,12.4,17.33,3.77,5.7,1.93,2.67,2.27,7.67,6.83,5.67,2.67,0.0,6.8,2.8,0.1,0.13
2023-07-31 19:45:00,2.15,9.11,470.0,912.5,0.0014,3.38,0.0,8.9,7.75,10.88,11.62,13.7,18.38,3.75,6.05,1.82,2.75,1.98,6.62,6.18,5.25,2.5,0.0,6.78,2.4,0.08,0.12
2023-07-31 19:50:00,2.33,9.11,470.0,907.0,0.0014,3.28,0.0,8.17,8.3,10.58,11.92,15.0,19.42,3.73,6.4,1.72,2.83,1.68,5.58,5.52,4.83,2.33,0.0,6.75,2.0,0.05,0.12
2023-07-31 19:55:00,2.52,9.11,470.0,901.5,0.0014,3.19,0.0,7.43,8.85,10.29,12.21,16.3,20.46,3.72,6.75,1.61,2.92,1.39,4.54,4.86,4.42,2.17,0.0,6.72,1.6,0.03,0.11
2023-07-31 20:00:00,2.7,9.11,470.0,896.0,0.0014,3.1,0.0,6.7,9.4,10.0,12.5,17.6,21.5,3.7,7.1,1.5,3.0,1.1,3.5,4.2,4.0,2.0,0.0,6.7,1.2,0.0,0.1
2023-07-31 20:05:00,2.62,9.11,470.0,890.5,0.0014,3.27,0.0,6.6,8.94,9.71,12.0,16.41,20.88,3.63,7.87,2.29,4.33,1.39,3.46,4.24,4.12,2.68,0.0,7.08,1.63,0.52,0.4
2023-07-31 20:10:00,2.53,9.11,470.0,885.0,0.0014,3.43,0.0,6.5,8.48,9.42,11.5,15.22,20.25,3.57,8.63,3.08,5.67,1.68,3.42,4.28,4.25,3.37,0.0,7.45,2.07,1.03,0.7
2023-07-31 20:15:00,2.45,9.11,470.0,879.5,0.0014,3.6,0.0,6.4,8.02,9.12,11.0,14.03,19.62,3.5,9.4,3.88,7.0,1.98,3.38,4.32,4.38,4.05,0.0,7.82,2.5,1.55,1.0
2023-07-31 20:20:00,2.37,9.11,470.0,874.0,0.0014,3.77,0.0,6.3,7.57,8.83,10.5,12.83,19.0,3.43,10.17,4.67,8.33,2.27,3.33,4.37,4.5,4.73,0.0,8.2,2.93,2.07,1.3
2023-07-31 20:25:00,2.28,9.11,470.0,868.5,0.0014,3.93,0.0,6.2,7.11,8.54,10.0,11.64,18.38,3.37,10.93,5.46,9.67,2.56,3.29,4.41,4.62,5.42,0.0,8.57,3.37,2.58,1.6
2023-07-31 20:30:00,2.2,9.11,460.0,863.0,0.0014,4.1,0.0,6.1,6.65,8.25,9.5,10.45,17.75,3.3,11.7,6.25,11.0,2.85,3.25,4.45,4.75,6.1,0.0,8.95,3.8,3.1,1.9
2023-07-31 20:35:00,2.12,9.11,460.0,857.5,0.0014,4.27,0.0,6.0,6.19,7.96,9.0,9.26,17.12,3.23,12.47,7.04,12.33,3.14,3.21,4.49,4.88,6.78,0.0,9.32,4.23,3.62,2.2
2023-07-31 20:40:00,2.03,9.11,460.0,852.0,0.0014,4.43,0.0,5.9,5.73,7.67,8.5,8.07,16.5,3.17,13.23,7.83,13.67,3.43,3.17,4.53,5.0,7.47,0.0,9.7,4.67,4.13,2.5
2023-07-31 20:45:00,1.95,9.11,460.0,846.5,0.0014,4.6,0.0,5.8,5.28,7.38,8.0,6.88,15.88,3.1,14.0,8.62,15.0,3.72,3.12,4.58,5.12,8.15,0.0,10.07,5.1,4.65,2.8
2023-07-31 20:50:00,1.87,9.11,460.0,841.0,0.0014,4.77,0.0,5.7,4.82,7.08,7.5,5.68,15.25,3.03,14.77,9.42,16.33,4.02,3.08,4.62,5.25,8.83,0.0,10.45,5.53,5.17,3.1
2023-07-31 20:55:00,1.78,9.11,460.0,835.5,0.0014,4.93,0.0,5.6,4.36,6.79,7.0,4.49,14.62,2.97,15.53,10.21,17.67,4.31,3.04,4.66,5.38,9.52,0.0,10.82,5.97,5.68,3.4
2023-07-31 21:00:00,1.7,9.11,460.0,830.0,0.0014,5.1,0.0,5.5,3.9,6.5,6.5,3.3,14.0,2.9,16.3,11.0,19.0,4.6,3.0,4.7,5.5,10.2,0.0,11.2,6.4,6.2,3.7
2023-07-31 21:05:00,1.64,9.11,460.0,827.67,0.0014,7.43,0.0,6.08,4.29,6.62,7.96,3.72,14.58,3.0,16.04,11.94,18.88,5.42,3.54,5.51,6.12,11.32,0.0,11.22,6.62,6.08,3.88
2023-07-31 21:10:00,1.58,9.11,460.0,825.33,0.0014,9.77,0.0,6.65,4.68,6.75,9.42,4.15,15.17,3.1,15.78,12.88,18.75,6.23,4.08,6.32,6.75,12.43,0.0,11.23,6.85,5.97,4.05
2023-07-31 21:15:00,1.52,9.11,460.0,823.0,0.0014,12.1,0.0,7.22,5.07,6.88,10.88,4.58,15.75,3.2,15.52,13.82,18.62,7.05,4.62,7.12,7.38,13.55,0.0,11.25,7.08,5.85,4.22
2023-07-31 21:20:00,1.47,9.11,460.0,820.67,0.0014,14.43,0.0,7.8,5.47,7.0,12.33,5.0,16.33,3.3,15.27,14.77,18.5,7.87,5.17,7.93,8.0,14.67,0.0,11.27,7.3,5.73,4.4
2023-07-31 21:25:00,1.41,9.11,460.0,818.33,0.0014,16.77,0.0,8.38,5.86,7.12,13.79,5.43,16.92,3.4,15.01,15.71,18.38,8.68,5.71,8.74,8.62,15.78,0.0,11.28,7.52,5.62,4.58
2023-07-31 21:30:00,1.35,9.11,460.0,816.0,0.0014,19.1,0.0,8.95,6.25,7.25,15.25,5.85,17.5,3.5,14.75,16.65,18.25,9.5,6.25,9.55,9.25,16.9,0.0,11.3,7.75,5.5,4.75
2023-07-31 21:35:00,1.29,9.11,460.0,813.67,0.0014,21.43,0.0,9.52,6.64,7.38,16.71,6.28,18.08,3.6,14.49,17.59,18.12,10.32,6.79,10.36,9.88,18.02,0.0,11.32,7.98,5.38,4.92
2023-07-31 21:40:00,1.23,9.11,460.0,811.33,0.0014,23.77,0.0,10.1,7.03,7.5,18.17,6.7,18.67,3.7,14.23,18.53,18.0,11.13,7.33,11.17,10.5,19.13,0.0,11.33,8.2,5.27,5.1
2023-07-31 21:45:00,1.18,9.11,460.0,809.0,0.0014,26.1,0.0,10.68,7.42,7.62,19.62,7.12,19.25,3.8,13.98,19.48,17.88,11.95,7.88,11.98,11.12,20.25,0.0,11.35,8.43,5.15,5.28
2023-07-31 21:50:00,1.12,9.11,460.0,806.67,0.0014,28.43,0.0,11.25,7.82,7.75,21.08,7.55,19.83,3.9,13.72,20.42,17.75,12.77,8.42,12.78,11.75,21.37,0.0,11.37,8.65,5.03,5.45
2023-07-31 21:55:00,1.06,9.11,460.0,804.33,0.0014,30.77,0.0,11.82,8.21,7.88,22.54,7.98,20.42,4.0,13.46,21.36,17.62,13.58,8.96,13.59,12.38,22.48,0.0,11.38,8.88,4.92,5.62
2023-07-31 22:00:00,1.0,9.11,460.0,802.0,0.0014,33.1,0.0,12.4,8.6,8.0,24.0,8.4,21.0,4.1,13.2,22.3,17.5,14.4,9.5,14.4,13.0,23.6,0.0,11.4,9.1,4.8,5.8
2023-07-31 22:05:00,1.26,9.11,460.0,801.5,0.0014,30.88,0.0,12.16,8.88,8.33,23.29,8.73,21.08,4.07,13.07,21.22,17.46,14.15,9.21,13.78,12.71,23.35,0.0,11.08,8.86,4.41,5.32
2023-07-31 22:10:00,1.52,9.11,460.0,801.0,0.0014,28.65,0.0,11.92,9.15,8.67,22.58,9.07,21.17,4.05,12.93,20.15,17.42,13.9,8.92,13.17,12.42,23.1,0.0,10.75,8.62,4.02,4.83
2023-07-31 22:15:00,1.78,9.11,460.0,800.5,0.0014,26.42,0.0,11.68,9.43,9.0,21.88,9.4,21.25,4.02,12.8,19.08,17.38,13.65,8.62,12.55,12.12,22.85,0.0,10.42,8.38,3.62,4.35
2023-07-31 22:20:00,2.03,9.11,460.0,800.0,0.0014,24.2,0.0,11.43,9.7,9.33,21.17,9.73,21.33,4.0,12.67,18.0,17.33,13.4,8.33,11.93,11.83,22.6,0.0,10.1,8.13,3.23,3.87
2023-07-31 22:25:00,2.29,9.11,460.0,799.5,0.0014,21.98,0.0,11.19,9.98,9.67,20.46,10.07,21.42,3.97,12.53,16.92,17.29,13.15,8.04,11.32,11.54,22.35,0.0,9.78,7.89,2.84,3.38
2023-07-31 22:30:00,2.55,9.11,450.0,799.0,0.0014,19.75,0.0,10.95,10.25,10.0,19.75,10.4,21.5,3.95,12.4,15.85,17.25,12.9,7.75,10.7,11.25,22.1,0.0,9.45,7.65,2.45,2.9
2023-07-31 22:35:00,2.81,9.11,450.0,798.5,0.0014,17.52,0.0,10.71,10.52,10.33,19.04,10.73,21.58,3.92,12.27,14.78,17.21,12.65,7.46,10.08,10.96,21.85,0.0,9.12,7.41,2.06,2.42
2023-07-31 22:40:00,3.07,9.11,450.0,798.0,0.0014,15.3,0.0,10.47,10.8,10.67,18.33,11.07,21.67,3.9,12.13,13.7,17.17,12.4,7.17,9.47,10.67,21.6,0.0,8.8,7.17,1.67,1.93
2023-07-31 22:45:00,3.32,9.11,450.0,797.5,0.0014,13.08,0.0,10.22,11.08,11.0,17.62,11.4,21.75,3.88,12.0,12.62,17.12,12.15,6.88,8.85,10.38,21.35,0.0,8.48,6.92,1.27,1.45
2023-07-31 22:50:00,3.58,9.11,450.0,797.0,0.0014,10.85,0.0,9.98,11.35,11.33,16.92,11.73,21.83,3.85,11.87,11.55,17.08,11.9,6.58,8.23,10.08,21.1,0.0,8.15,6.68,0.88,0.97
2023-07-31 22:55:00,3.84,9.11,450.0,796.5,0.0014,8.62,0.0,9.74,11.62,11.67,16.21,12.07,21.92,3.82,11.73,10.48,17.04,11.65,6.29,7.62,9.79,20.85,0.0,7.82,6.44,0.49,0.48
2023-07-31 23:00:00,4.1,9.11,450.0,796.0,0.0014,6.4,0.0,9.5,11.9,12.0,15.5,12.4,22.0,3.8,11.6,9.4,17.0,11.4,6.0,7.0,9.5,20.6,0.0,7.5,6.2,0.1,0.0
2023-07-31 23:05:00,4.07,9.11,450.0,794.75,0.0014,7.32,0.0,9.65,12.21,11.92,16.33,12.37,22.33,3.95,14.08,11.4,19.17,13.02,6.33,7.03,9.96,20.12,0.0,7.33,6.43,0.09,0.0
2023-07-31 23:10:00,4.05,9.11,450.0,793.5,0.0014,8.25,0.0,9.8,12.52,11.83,17.17,12.33,22.67,4.1,16.55,13.4,21.33,14.65,6.67,7.07,10.42,19.63,0.0,7.17,6.67,0.08,0.0
2023-07-31 23:15:00,4.02,9.11,450.0,792.25,0.0014,9.18,0.0,9.95,12.82,11.75,18.0,12.3,23.0,4.25,19.02,15.4,23.5,16.27,7.0,7.1,10.88,19.15,0.0,7.0,6.9,0.08,0.0
2023-07-31 23:20:00,4.0,9.11,450.0,791.0,0.0014,10.1,0.0,10.1,13.13,11.67,18.83,12.27,23.33,4.4,21.5,17.4,25.67,17.9,7.33,7.13,11.33,18.67,0.0,6.83,7.13,0.07,0.0
2023-07-31 23:25:00,3.97,9.11,450.0,789.75,0.0014,11.02,0.0,10.25,13.44,11.58,19.67,12.23,23.67,4.55,23.98,19.4,27.83,19.52,7.67,7.17,11.79,18.18,0.0,6.67,7.37,0.06,0.0
2023-07-31 23:30:00,3.95,9.11,450.0,788.5,0.0014,11.95,0.0,10.4,13.75,11.5,20.5,12.2,24.0,4.7,26.45,21.4,30.0,21.15,8.0,7.2,12.25,17.7,0.0,6.5,7.6,0.05,0.0
2023-07-31 23:35:00,3.92,9.11,450.0,787.25,0.0014,12.88,0.0,10.55,14.06,11.42,21.33,12.17,24.33,4.85,28.92,23.4,32.17,22.78,8.33,7.23,12.71,17.22,0.0,6.33,7.83,0.04,0.0
2023-07-31 23:40:00,3.9,9.11,450.0,786.0,0.0014,13.8,0.0,10.7,14.37,11.33,22.17,12.13,24.67,5.0,31.4,25.4,34.33,24.4,8.67,7.27,13.17,16.73,0.0,6.17,8.07,0.03,0.0
2023-07-31 23:45:00,3.88,9.11,450.0,784.75,0.0014,14.72,0.0,10.85,14.68,11.25,23.0,12.1,25.0,5.15,33.88,27.4,36.5,26.02,9.0,7.3,13.62,16.25,0.0,6.0,8.3,0.02,0.0
2023-07-31 23:50:00,3.85,9.11,450.0,783.5,0.0014,15.65,0.0,11.0,14.98,11.17,23.83,12.07,25.33,5.3,36.35,29.4,38.67,27.65,9.33,7.33,14.08,15.77,0.0,5.83,8.53,0.02,0.0
2023-07-31 23:55:00,3.82,9.11,450.0,782.25,0.0014,16.58,0.0,11.15,15.29,11.08,24.67,12.03,25.67,5.45,38.82,31.4,40.83,29.28,9.67,7.37,14.54,15.28,0.0,5.67,8.77,0.01,0.0
2023-08-01 00:00:00,3.8,9.11,450.0,781.0,0.008,17.5,0.0,11.3,15.6,11.0,25.5,12.0,26.0,5.6,41.3,33.4,43.0,30.9,10.0,7.4,15.0,14.8,0.0,5.5,9.0,0.0,0.0
2023-08-01 00:05:00,3.98,8.48,441.38,778.67,0.008,17.53,0.0,10.96,16.08,11.75,25.62,12.81,26.42,5.89,39.67,31.79,40.29,28.87,9.58,7.3,14.38,13.68,0.0,5.38,8.62,0.01,0.11
2023-08-01 00:10:00,4.17,8.48,432.76,776.33,0.008,17.57,0.0,10.62,16.55,12.5,25.75,13.62,26.83,6.18,38.03,30.18,37.58,26.83,9.17,7.2,13.75,12.57,0.0,5.25,8.25,0.02,0.22
2023-08-01 00:15:00,4.35,8.48,424.14,774.0,0.008,17.6,0.0,10.28,17.02,13.25,25.88,14.42,27.25,6.48,36.4,28.58,34.88,24.8,8.75,7.1,13.12,11.45,0.0,5.12,7.88,0.02,0.32
2023-08-01 00:20:00,4.53,8.48,415.52,771.67,0.008,17.63,0.0,9.93,17.5,14.0,26.0,15.23,27.67,6.77,34.77,26.97,32.17,22.77,8.33,7.0,12.5,10.33,0.0,5.0,7.5,0.03,0.43
2023-08-01 00:25:00,4.72,8.48,406.9,769.33,0.008,17.67,0.0,9.59,17.98,14.75,26.12,16.04,28.08,7.06,33.13,25.36,29.46,20.73,7.92,6.9,11.88,9.22,0.0,4.88,7.12,0.04,0.54
2023-08-01 00:30:00,4.9,8.48,450.0,767.0,0.008,17.7,0.0,9.25,18.45,15.5,26.25,16.85,28.5,7.35,31.5,23.75,26.75,18.7,7.5,6.8,11.25,8.1,0.0,4.75,6.75,0.05,0.65
2023-08-01 00:35:00,5.08,8.48,441.38,764.67,0.008,17.73,0.0,8.91,18.92,16.25,26.38,17.66,28.92,7.64,29.87,22.14,24.04,16.67,7.08,6.7,10.62,6.98,0.0,4.62,6.38,0.06,0.76
2023-08-01 00:40:00,5.27,8.48,432.76,762.33,0.008,17.77,0.0,8.57,19.4,17.0,26.5,18.47,29.33,7.93,28.23,20.53,21.33,14.63,6.67,6.6,10.0,5.87,0.0,4.5,6.0,0.07,0.87
2023-08-01 00:45:00,5.45,8.48,424.14,760.0,0.008,17.8,0.0,8.23,19.88,17.75,26.62,19.27,29.75,8.22,26.6,18.92,18.62,12.6,6.25,6.5,9.38,4.75,0.0,4.38,5.62,0.08,0.98
2023-08-01 00:50:00,5.63,8.48,415.52,757.67,0.008,17.83,0.0,7.88,20.35,18.5,26.75,20.08,30.17,8.52,24.97,17.32,15.92,10.57,5.83,6.4,8.75,3.63,0.0,4.25,5.25,0.08,1.08
2023-08-01 00:55:00,5.82,8.48,406.9,755.33,0.008,17.87,0.0,7.54,20.82,19.25,26.88,20.89,30.58,8.81,23.33,15.71,13.21,8.53,5.42,6.3,8.12,2.52,0.0,4.12,4.88,0.09,1.19
2023-08-01 01:00:00,6.0,8.48,450.0,753.0,0.008,17.9,0.0,7.2,21.3,20.0,27.0,21.7,31.0,9.1,21.7,14.1,10.5,6.5,5.0,6.2,7.5,1.4,0.0,4.0,4.5,0.1,1.3
2023-08-01 01:05:00,6.48,8.48,450.0,758.67,0.008,17.13,0.0,7.04,20.55,19.42,26.12,20.72,29.17,8.71,21.35,13.89,10.17,6.28,4.96,6.04,7.17,2.12,0.0,3.88,4.33,0.2,1.38
2023-08-01 01:10:00,6.95,8.48,450.0,764.33,0.008,16.37,0.0,6.88,19.8,18.83,25.25,19.75,27.33,8.32,21.0,13.68,9.83,6.07,4.92,5.88,6.83,2.83,0.0,3.75,4.17,0.3,1.47
2023-08-01 01:15:00,7.42,8.48,450.0,770.0,0.008,15.6,0.0,6.72,19.05,18.25,24.38,18.77,25.5,7.92,20.65,13.48,9.5,5.85,4.88,5.72,6.5,3.55,0.0,3.62,4.0,0.4,1.55
2023-08-01 01:20:00,7.9,8.48,450.0,775.67,0.008,14.83,0.0,6.57,18.3,17.67,23.5,17.8,23.67,7.53,20.3,13.27,9.17,5.63,4.83,5.57,6.17,4.27,0.0,3.5,3.83,0.5,1.63
2023-08-01 01:25:00,8.38,8.48,450.0,781.33,0.008,14.07,0.0,6.41,17.55,17.08,22.62,16.82,21.83,7.14,19.95,13.06,8.83,5.42,4.79,5.41,5.83,4.98,0.0,3.38,3.67,0.6,1.72
2023-08-01 01:30:00,8.85,8.48,468.0,787.0,0.008,13.3,0.0,6.25,16.8,16.5,21.75,15.85,20.0,6.75,19.6,12.85,8.5,5.2,4.75,5.25,5.5,5.7,0.0,3.25,3.5,0.7,1.8
2023-08-01 01:35:00,9.32,8.48,468.0,792.67,0.008,12.53,0.0,6.09,16.05,15.92,20.88,14.88,18.17,6.36,19.25,12.64,8.17,4.98,4.71,5.09,5.17,6.42,0.0,3.12,3.33,0.8,1.88
2023-08-01 01:40:00,9.8,8.48,468.0,798.33,0.008,11.77,0.0,5.93,15.3,15.33,20.0,13.9,16.33,5.97,18.9,12.43,7.83,4.77,4.67,4.93,4.83,7.13,0.0,3.0,3.17,0.9,1.97
2023-08-01 01:45:00,10.27,8.48,468.0,804.0,0.008,11.0,0.0,5.78,14.55,14.75,19.12,12.92,14.5,5.58,18.55,12.22,7.5,4.55,4.62,4.78,4.5,7.85,0.0,2.88,3.0,1.0,2.05
2023-08-01 01:50:00,10.75,8.48,500.0,809.67,0.008,10.23,0.0,5.62,13.8,14.17,18.25,11.95,12.67,5.18,18.2,12.02,7.17,4.33,4.58,4.62,4.17,8.57,0.0,2.75,2.83,1.1,2.13
2023-08-01 01:55:00,11.22,8.48,500.0,815.33,0.008,9.47,0.0,5.46,13.05,13.58,17.38,10.98,10.83,4.79,17.85,11.81,6.83,4.12,4.54,4.46,3.83,9.28,0.0,2.62,2.67,1.2,2.22
2023-08-01 02:00:00,11.7,8.48,550.0,821.0,0.008,8.7,0.0,5.3,12.3,13.0,16.5,10.0,9.0,4.4,17.5,11.6,6.5,3.9,4.5,4.3,3.5,10.0,0.0,2.5,2.5,1.3,2.3
2023-08-01 02:05:00,11.31,8.48,600.0,837.58,0.008,9.03,0.0,5.4,12.17,12.83,15.12,9.97,9.5,4.69,17.58,11.3,6.58,4.14,4.33,4.07,3.38,9.52,0.0,2.42,2.49,2.06,2.31
2023-08-01 02:10:00,10.92,8.48,600.0,854.17,0.008,9.37,0.0,5.5,12.03,12.67,13.75,9.93,10.0,4.98,17.65,11.0,6.67,4.38,4.17,3.83,3.25,9.03,0.0,2.33,2.48,2.82,2.32
2023-08-01 02:15:00,10.52,8.48,660.0,870.75,0.008,9.7,0.0,5.6,11.9,12.5,12.38,9.9,10.5,5.28,17.73,10.7,6.75,4.62,4.0,3.6,3.12,8.55,0.0,2.25,2.48,3.58,2.32
2023-08-01 02:20:00,10.13,8.48,660.0,887.33,0.008,10.03,0.0,5.7,11.77,12.33,11.0,9.87,11.0,5.57,17.8,10.4,6.83,4.87,3.83,3.37,3.0,8.07,0.0,2.17,2.47,4.33,2.33
2023-08-01 02:25:00,9.74,8.48,660.0,903.92,0.008,10.37,0.0,5.8,11.63,12.17,9.62,9.83,11.5,5.86,17.88,10.1,6.92,5.11,3.67,3.13,2.88,7.58,0.0,2.08,2.46,5.09,2.34
2023-08-01 02:30:00,9.35,8.48,720.0,920.5,0.008,10.7,0.0,5.9,11.5,12.0,8.25,9.8,12.0,6.15,17.95,9.8,7.0,5.35,3.5,2.9,2.75,7.1,0.0,2.0,2.45,5.85,2.35
2023-08-01 02:35:00,8.96,8.48,720.0,937.08,0.008,11.03,0.0,6.0,11.37,11.83,6.88,9.77,12.5,6.44,18.02,9.5,7.08,5.59,3.33,2.67,2.62,6.62,0.0,1.92,2.44,6.61,2.36
2023-08-01 02:40:00,8.57,8.48,720.0,953.67,0.008,11.37,0.0,6.1,11.23,11.67,5.5,9.73,13.0,6.73,18.1,9.2,7.17,5.83,3.17,2.43,2.5,6.13,0.0,1.83,2.43,7.37,2.37
2023-08-01 02:45:00,8.18,8.48,720.0,970.25,0.008,11.7,0.0,6.2,11.1,11.5,4.12,9.7,13.5,7.02,18.17,8.9,7.25,6.07,3.0,2.2,2.38,5.65,0.0,1.75,2.42,8.12,2.38
2023-08-01 02:50:00,7.78,8.48,750.0,986.83,0.008,12.03,0.0,6.3,10.97,11.33,2.75,9.67,14.0,7.32,18.25,8.6,7.33,6.32,2.83,1.97,2.25,5.17,0.0,1.67,2.42,8.88,2.38
2023-08-01 02:55:00,7.39,8.48,750.0,1003.42,0.008,12.37,0.0,6.4,10.83,11.17,1.38,9.63,14.5,7.61,18.32,8.3,7.42,6.56,2.67,1.73,2.12,4.68,0.0,1.58,2.41,9.64,2.39
2023-08-01 03:00:00,7.0,8.48,750.0,1020.0,0.008,12.7,0.0,6.5,10.7,11.0,0.0,9.6,15.0,7.9,18.4,8.0,7.5,6.8,2.5,1.5,2.0,4.2,0.0,1.5,2.4,10.4,2.4
2023-08-01 03:05:00,6.75,8.48,750.0,1025.0,0.008,12.01,0.0,6.28,9.92,10.25,0.0,8.82,13.75,7.44,17.39,9.16,8.29,7.5,2.29,1.38,2.96,4.05,0.0,2.62,3.91,9.87,2.54
2023-08-01 03:10:00,6.5,8.48,750.0,1030.0,0.008,11.32,0.0,6.07,9.13,9.5,0.0,8.05,12.5,6.98,16.38,10.32,9.08,8.2,2.08,1.25,3.92,3.9,0.0,3.75,5.42,9.33,2.68
2023-08-01 03:15:00,6.25,8.48,770.0,1035.0,0.008,10.62,0.0,5.85,8.35,8.75,0.0,7.28,11.25,6.52,15.38,11.48,9.88,8.9,1.88,1.12,4.88,3.75,0.0,4.88,6.93,8.8,2.82
2023-08-01 03:20:00,6.0,8.48,770.0,1040.0,0.008,9.93,0.0,5.63,7.57,8.0,0.0,6.5,10.0,6.07,14.37,12.63,10.67,9.6,1.67,1.0,5.83,3.6,0.0,6.0,8.43,8.27,2.97
2023-08-01 03:25:00,5.75,8.48,780.0,1045.0,0.008,9.24,0.0,5.42,6.78,7.25,0.0,5.72,8.75,5.61,13.36,13.79,11.46,10.3,1.46,0.88,6.79,3.45,0.0,7.12,9.94,7.73,3.11
2023-08-01 03:30:00,5.5,8.48,800.0,1050.0,0.008,8.55,0.0,5.2,6.0,6.5,0.0,4.95,7.5,5.15,12.35,14.95,12.25,11.0,1.25,0.75,7.75,3.3,0.0,8.25,11.45,7.2,3.25
2023-08-01 03:35:00,5.25,8.48,800.0,1055.0,0.008,7.86,0.0,4.98,5.22,5.75,0.0,4.18,6.25,4.69,11.34,16.11,13.04,11.7,1.04,0.62,8.71,3.15,0.0,9.38,12.96,6.67,3.39
2023-08-01 03:40:00,5.0,8.48,800.0,1060.0,0.008,7.17,0.0,4.77,4.43,5.0,0.0,3.4,5.0,4.23,10.33,17.27,13.83,12.4,0.83,0.5,9.67,3.0,0.0,10.5,14.47,6.13,3.53
2023-08-01 03:45:00,4.75,8.48,800.0,1065.0,0.008,6.48,0.0,4.55,3.65,4.25,0.0,2.62,3.75,3.78,9.32,18.42,14.62,13.1,0.62,0.38,10.62,2.85,0.0,11.62,15.98,5.6,3.68
2023-08-01 03:50:00,4.5,8.48,800.0,1070.0,0.008,5.78,0.0,4.33,2.87,3.5,0.0,1.85,2.5,3.32,8.32,19.58,15.42,13.8,0.42,0.25,11.58,2.7,0.0,12.75,17.48,5.07,3.82
2023-08-01 03:55:00,4.25,8.48,800.0,1075.0,0.008,5.09,0.0,4.12,2.08,2.75,0.0,1.08,1.25,2.86,7.31,20.74,16.21,14.5,0.21,0.12,12.54,2.55,0.0,13.88,18.99,4.53,3.96
2023-08-01 04:00:00,4.0,8.48,800.0,1080.0,0.008,4.4,0.0,3.9,1.3,2.0,0.0,0.3,0.0,2.4,6.3,21.9,17.0,15.2,0.0,0.0,13.5,2.4,0.0,15.0,20.5,4.0,4.1
2023-08-01 04:05:00,3.8,8.48,800.0,1091.97,0.008,4.04,0.0,3.98,1.34,2.17,0.0,0.38,0.0,2.51,5.78,20.27,15.58,14.57,0.17,0.28,12.42,2.22,0.0,14.0,19.28,3.7,3.78
2023-08-01 04:10:00,3.6,8.48,800.0,1103.94,0.008,3.68,0.0,4.07,1.38,2.33,0.0,0.47,0.0,2.62,5.27,18.63,14.17,13.93,0.33,0.57,11.33,2.03,0.0,13.0,18.07,3.4,3.47
2023-08-01 04:15:00,3.4,8.48,800.0,1115.92,0.008,3.32,0.0,4.15,1.42,2.5,0.0,0.55,0.0,2.72,4.75,17.0,12.75,13.3,0.5,0.85,10.25,1.85,0.0,12.0,16.85,3.1,3.15
2023-08-01 04:20:00,3.2,8.48,800.0,1127.89,0.008,2.97,0.0,4.23,1.47,2.67,0.0,0.63,0.0,2.83,4.23,15.37,11.33,12.67,0.67,1.13,9.17,1.67,0.0,11.0,15.63,2.8,2.83
2023-08-01 04:25:00,3.0,8.48,800.0,1139.86,0.008,2.61,0.0,4.32,1.51,2.83,0.0,0.72,0.0,2.94,3.72,13.73,9.92,12.03,0.83,1.42,8.08,1.48,0.0,10.0,14.42,2.5,2.52
2023-08-01 04:30:00,2.8,8.48,800.0,1151.83,0.008,2.25,0.0,4.4,1.55,3.0,0.0,0.8,0.0,3.05,3.2,12.1,8.5,11.4,1.0,1.7,7.0,1.3,0.0,9.0,13.2,2.2,2.2
2023-08-01 04:35:00,2.6,8.48,800.0,1163.8,0.008,1.89,0.0,4.48,1.59,3.17,0.0,0.88,0.0,3.16,2.68,10.47,7.08,10.77,1.17,1.98,5.92,1.12,0.0,8.0,11.98,1.9,1.88
2023-08-01 04:40:00,2.4,8.48,800.0,1175.77,0.008,1.53,0.0,4.57,1.63,3.33,0.0,0.97,0.0,3.27,2.17,8.83,5.67,10.13,1.33,2.27,4.83,0.93,0.0,7.0,10.77,1.6,1.57
2023-08-01 04:45:00,2.2,8.48,800.0,1187.75,0.008,1.17,0.0,4.65,1.68,3.5,0.0,1.05,0.0,3.38,1.65,7.2,4.25,9.5,1.5,2.55,3.75,0.75,0.0,6.0,9.55,1.3,1.25
2023-08-01 04:50:00,2.0,8.48,800.0,1199.72,0.008,0.82,0.0,4.73,1.72,3.67,0.0,1.13,0.0,3.48,1.13,5.57,2.83,8.87,1.67,2.83,2.67,0.57,0.0,5.0,8.33,1.0,0.93
2023-08-01 04:55:00,1.8,8.48,800.0,1211.69,0.008,0.46,0.0,4.82,1.76,3.83,0.0,1.22,0.0,3.59,0.62,3.93,1.42,8.23,1.83,3.12,1.58,0.38,0.0,4.0,7.12,0.7,0.62
2023-08-01 05:00:00,1.6,8.48,800.0,1223.66,0.008,0.1,0.0,4.9,1.8,4.0,0.0,1.3,0.0,3.7,0.1,2.3,0.0,7.6,2.0,3.4,0.5,0.2,0.0,3.0,5.9,0.4,0.3
2023-08-01 05:05:00,1.66,8.48,800.0,1235.63,0.008,0.09,0.0,4.49,1.7,3.88,0.0,1.33,0.0,3.44,0.09,2.11,0.04,6.98,1.83,3.15,0.5,0.25,0.0,2.79,5.48,0.43,0.35
2023-08-01 05:10:00,1.72,8.48,800.0,1247.61,0.008,0.08,0.0,4.08,1.6,3.75,0.0,1.37,0.0,3.18,0.08,1.92,0.08,6.35,1.67,2.9,0.5,0.3,0.0,2.58,5.05,0.47,0.4
2023-08-01 05:15:00,1.78,8.48,800.0,1247.61,0.008,0.08,0.0,3.68,1.5,3.62,0.0,1.4,0.0,2.92,0.08,1.72,0.12,5.72,1.5,2.65,0.5,0.35,0.0,2.38,4.62,0.5,0.45
2023-08-01 05:20:00,1.83,8.48,800.0,1269.84,0.008,0.07,0.0,3.27,1.4,3.5,0.0,1.43,0.0,2.67,0.07,1.53,0.17,5.1,1.33,2.4,0.5,0.4,0.0,2.17,4.2,0.53,0.5
2023-08-01 05:25:00,1.89,8.48,800.0,1292.07,0.008,0.06,0.0,2.86,1.3,3.38,0.0,1.47,0.0,2.41,0.06,1.34,0.21,4.47,1.17,2.15,0.5,0.45,0.0,1.96,3.78,0.57,0.55
2023-08-01 05:30:00,1.95,8.48,750.0,1314.3,0.008,0.05,0.0,2.45,1.2,3.25,0.0,1.5,0.0,2.15,0.05,1.15,0.25,3.85,1.0,1.9,0.5,0.5,0.0,1.75,3.35,0.6,0.6
2023-08-01 05:35:00,2.01,8.48,750.0,1336.53,0.008,0.04,0.0,2.04,1.1,3.12,0.0,1.53,0.0,1.89,0.04,0.96,0.29,3.22,0.83,1.65,0.5,0.55,0.0,1.54,2.92,0.63,0.65
2023-08-01 05:40:00,2.07,8.48,750.0,1358.76,0.008,0.03,0.0,1.63,1.0,3.0,0.0,1.57,0.0,1.63,0.03,0.77,0.33,2.6,0.67,1.4,0.5,0.6,0.0,1.33,2.5,0.67,0.7
2023-08-01 05:45:00,2.12,8.48,750.0,1380.99,0.008,0.02,0.0,1.23,0.9,2.88,0.0,1.6,0.0,1.38,0.02,0.57,0.38,1.97,0.5,1.15,0.5,0.65,0.0,1.12,2.08,0.7,0.75
2023-08-01 05:50:00,2.18,8.48,750.0,1403.22,0.008,0.02,0.0,0.82,0.8,2.75,0.0,1.63,0.0,1.12,0.02,0.38,0.42,1.35,0.33,0.9,0.5,0.7,0.0,0.92,1.65,0.73,0.8
2023-08-01 05:55:00,2.24,8.48,750.0,1425.46,0.008,0.01,0.0,0.41,0.7,2.62,0.0,1.67,0.0,0.86,0.01,0.19,0.46,0.72,0.17,0.65,0.5,0.75,0.0,0.71,1.22,0.77,0.85
2023-08-01 06:00:00,2.3,8.48,660.0,1447.69,0.008,0.0,0.0,0.0,0.6,2.5,0.0,1.7,0.0,0.6,0.0,0.0,0.5,0.1,0.0,0.4,0.5,0.8,0.0,0.5,0.8,0.8,0.9
2023-08-01 06:05:00,2.12,8.48,649.66,1469.92,0.008,0.0,0.0,0.0,0.55,2.29,0.0,1.58,0.04,0.56,0.0,0.0,0.5,0.09,0.0,0.38,0.54,0.75,0.0,0.67,0.82,0.78,1.03
2023-08-01 06:10:00,1.93,8.48,639.31,1492.15,0.008,0.0,0.0,0.0,0.5,2.08,0.0,1.45,0.08,0.52,0.0,0.0,0.5,0.08,0.0,0.37,0.58,0.7,0.0,0.83,0.85,0.75,1.17
2023-08-01 06:15:00,1.75,8.48,628.97,1514.38,0.008,0.0,0.0,0.0,0.45,1.88,0.0,1.32,0.12,0.48,0.0,0.0,0.5,0.08,0.0,0.35,0.62,0.65,0.0,1.0,0.88,0.73,1.3
2023-08-01 06:20:00,1.57,8.48,618.62,1536.61,0.008,0.0,0.0,0.0,0.4,1.67,0.0,1.2,0.17,0.43,0.0,0.0,0.5,0.07,0.0,0.33,0.67,0.6,0.0,1.17,0.9,0.7,1.43
2023-08-01 06:25:00,1.38,8.48,608.28,1558.84,0.008,0.0,0.0,0.0,0.35,1.46,0.0,1.08,0.21,0.39,0.0,0.0,0.5,0.06,0.0,0.32,0.71,0.55,0.0,1.33,0.92,0.68,1.57
2023-08-01 06:30:00,1.2,8.48,600.0,1581.07,0.008,0.0,0.0,0.0,0.3,1.25,0.0,0.95,0.25,0.35,0.0,0.0,0.5,0.05,0.0,0.3,0.75,0.5,0.0,1.5,0.95,0.65,1.7
2023-08-01 06:35:00,1.02,8.48,600.0,1603.31,0.008,0.0,0.0,0.0,0.25,1.04,0.0,0.82,0.29,0.31,0.0,0.0,0.5,0.04,0.0,0.28,0.79,0.45,0.0,1.67,0.98,0.62,1.83
2023-08-01 06:40:00,0.83,8.48,600.0,1625.54,0.008,0.0,0.0,0.0,0.2,0.83,0.0,0.7,0.33,0.27,0.0,0.0,0.5,0.03,0.0,0.27,0.83,0.4,0.0,1.83,1.0,0.6,1.97
2023-08-01 06:45:00,0.65,8.48,600.0,1647.77,0.008,0.0,0.0,0.0,0.15,0.62,0.0,0.57,0.38,0.22,0.0,0.0,0.5,0.02,0.0,0.25,0.88,0.35,0.0,2.0,1.03,0.57,2.1
2023-08-01 06:50:00,0.47,8.48,600.0,1670.0,0.008,0.0,0.0,0.0,0.1,0.42,0.0,0.45,0.42,0.18,0.0,0.0,0.5,0.02,0.0,0.23,0.92,0.3,0.0,2.17,1.05,0.55,2.23
2023-08-01 06:55:00,0.28,8.48,600.0,1690.0,0.008,0.0,0.0,0.0,0.05,0.21,0.0,0.32,0.46,0.14,0.0,0.0,0.5,0.01,0.0,0.22,0.96,0.25,0.0,2.33,1.08,0.52,2.37
2023-08-01 07:00:00,0.1,8.48,550.0,1710.0,0.008,0.0,0.0,0.0,0.0,0.0,0.0,0.2,0.5,0.1,0.0,0.0,0.5,0.0,0.0,0.2,1.0,0.2,0.0,2.5,1.1,0.5,2.5
2023-08-01 07:05:00,0.09,8.48,550.0,1700.0,0.008,0.0,0.0,0.05,0.0,0.0,0.04,0.18,0.71,0.14,0.0,0.18,0.79,0.22,0.04,0.26,1.12,0.42,0.0,2.5,1.18,0.46,2.29
2023-08-01 07:10:00,0.08,8.48,550.0,1700.0,0.008,0.0,0.0,0.1,0.0,0.0,0.08,0.17,0.92,0.18,0.0,0.37,1.08,0.45,0.08,0.32,1.25,0.63,0.0,2.5,1.25,0.42,2.08
2023-08-01 07:15:00,0.08,8.48,550.0,1694.0,0.008,0.0,0.0,0.15,0.0,0.0,0.12,0.15,1.12,0.22,0.0,0.55,1.38,0.68,0.12,0.38,1.38,0.85,0.0,2.5,1.33,0.38,1.88
2023-08-01 07:20:00,0.07,8.48,550.0,1688.0,0.008,0.0,0.0,0.2,0.0,0.0,0.17,0.13,1.33,0.27,0.0,0.73,1.67,0.9,0.17,0.43,1.5,1.07,0.0,2.5,1.4,0.33,1.67
2023-08-01 07:25:00,0.06,8.48,550.0,1682.0,0.008,0.0,0.0,0.25,0.0,0.0,0.21,0.12,1.54,0.31,0.0,0.92,1.96,1.13,0.21,0.49,1.62,1.28,0.0,2.5,1.48,0.29,1.46
2023-08-01 07:30:00,0.05,8.48,550.0,1676.0,0.008,0.0,0.0,0.3,0.0,0.0,0.25,0.1,1.75,0.35,0.0,1.1,2.25,1.35,0.25,0.55,1.75,1.5,0.0,2.5,1.55,0.25,1.25
2023-08-01 07:35:00,0.04,8.48,550.0,1670.0,0.008,0.0,0.0,0.35,0.0,0.0,0.29,0.08,1.96,0.39,0.0,1.28,2.54,1.58,0.29,0.61,1.88,1.72,0.0,2.5,1.62,0.21,1.04
2023-08-01 07:40:00,0.03,8.48,550.0,1664.0,0.008,0.0,0.0,0.4,0.0,0.0,0.33,0.07,2.17,0.43,0.0,1.47,2.83,1.8,0.33,0.67,2.0,1.93,0.0,2.5,1.7,0.17,0.83
2023-08-01 07:45:00,0.02,8.48,550.0,1658.0,0.008,0.0,0.0,0.45,0.0,0.0,0.38,0.05,2.38,0.48,0.0,1.65,3.12,2.03,0.38,0.72,2.12,2.15,0.0,2.5,1.78,0.12,0.62
2023-08-01 07:50:00,0.02,8.48,550.0,1652.0,0.008,0.0,0.0,0.5,0.0,0.0,0.42,0.03,2.58,0.52,0.0,1.83,3.42,2.25,0.42,0.78,2.25,2.37,0.0,2.5,1.85,0.08,0.42
2023-08-01 07:55:00,0.01,8.48,550.0,1646.0,0.008,0.0,0.0,0.55,0.0,0.0,0.46,0.02,2.79,0.56,0.0,2.02,3.71,2.48,0.46,0.84,2.38,2.58,0.0,2.5,1.92,0.04,0.21
2023-08-01 08:00:00,0.0,8.48,500.0,1640.0,0.008,0.0,0.0,0.6,0.0,0.0,0.5,0.0,3.0,0.6,0.0,2.2,4.0,2.7,0.5,0.9,2.5,2.8,0.0,2.5,2.0,0.0,0.0
2023-08-01 08:05:00,0.0,8.48,500.0,1635.5,0.008,0.0,0.04,0.55,0.04,0.0,1.3,0.0,2.96,0.62,0.05,2.03,3.75,2.48,0.5,0.84,2.38,2.65,0.0,2.38,1.94,1.34,0.11
2023-08-01 08:10:00,0.0,8.48,500.0,1630.99,0.008,0.0,0.08,0.5,0.08,0.0,2.1,0.0,2.92,0.63,0.1,1.85,3.5,2.25,0.5,0.78,2.25,2.5,0.0,2.25,1.88,2.68,0.22
2023-08-01 08:15:00,0.0,8.48,500.0,1626.49,0.008,0.0,0.12,0.45,0.12,0.0,2.9,0.0,2.88,0.65,0.15,1.68,3.25,2.03,0.5,0.73,2.12,2.35,0.0,2.12,1.82,4.03,0.32
2023-08-01 08:20:00,0.0,8.48,500.0,1621.99,0.008,0.0,0.17,0.4,0.17,0.0,3.7,0.0,2.83,0.67,0.2,1.5,3.0,1.8,0.5,0.67,2.0,2.2,0.0,2.0,1.77,5.37,0.43
2023-08-01 08:25:00,0.0,8.48,500.0,1617.48,0.008,0.0,0.21,0.35,0.21,0.0,4.5,0.0,2.79,0.68,0.25,1.33,2.75,1.58,0.5,0.61,1.88,2.05,0.0,1.88,1.71,6.71,0.54
2023-08-01 08:30:00,0.0,8.48,500.0,1612.98,0.008,0.0,0.25,0.3,0.25,0.0,5.3,0.0,2.75,0.7,0.3,1.15,2.5,1.35,0.5,0.55,1.75,1.9,0.0,1.75,1.65,8.05,0.65
2023-08-01 08:35:00,0.0,8.48,500.0,1608.48,0.008,0.0,0.29,0.25,0.29,0.0,6.1,0.0,2.71,0.72,0.35,0.98,2.25,1.12,0.5,0.49,1.62,1.75,0.0,1.62,1.59,9.39,0.76
2023-08-01 08:40:00,0.0,8.48,500.0,1603.97,0.008,0.0,0.33,0.2,0.33,0.0,6.9,0.0,2.67,0.73,0.4,0.8,2.0,0.9,0.5,0.43,1.5,1.6,0.0,1.5,1.53,10.73,0.87
2023-08-01 08:45:00,0.0,8.48,500.0,1599.47,0.008,0.0,0.38,0.15,0.38,0.0,7.7,0.0,2.62,0.75,0.45,0.62,1.75,0.67,0.5,0.38,1.38,1.45,0.0,1.38,1.48,12.08,0.98
2023-08-01 08:50:00,0.0,8.48,500.0,1594.97,0.008,0.0,0.42,0.1,0.42,0.0,8.5,0.0,2.58,0.77,0.5,0.45,1.5,0.45,0.5,0.32,1.25,1.3,0.0,1.25,1.42,13.42,1.08
2023-08-01 08:55:00,0.0,8.48,500.0,1590.46,0.008,0.0,0.46,0.05,0.46,0.0,9.3,0.0,2.54,0.78,0.55,0.28,1.25,0.23,0.5,0.26,1.12,1.15,0.0,1.12,1.36,14.76,1.19
2023-08-01 09:00:00,0.0,8.48,500.0,1585.96,0.008,0.0,0.5,0.0,0.5,0.0,10.1,0.0,2.5,0.8,0.6,0.1,1.0,0.0,0.5,0.2,1.0,1.0,0.0,1.0,1.3,16.1,1.3
2023-08-01 09:05:00,0.0,8.48,500.0,1581.45,0.008,1.02,0.46,0.06,0.63,0.21,9.26,0.22,2.67,1.17,1.01,0.3,1.08,0.08,0.5,0.18,1.0,0.93,0.0,1.54,1.55,14.78,1.49
2023-08-01 09:10:00,0.0,8.48,500.0,1576.95,0.008,2.03,0.42,0.12,0.77,0.42,8.42,0.45,2.83,1.53,1.42,0.5,1.17,0.15,0.5,0.17,1.0,0.87,0.0,2.08,1.8,13.47,1.68
2023-08-01 09:15:00,0.0,8.48,500.0,1572.45,0.008,3.05,0.38,0.18,0.9,0.62,7.57,0.68,3.0,1.9,1.83,0.7,1.25,0.22,0.5,0.15,1.0,0.8,0.0,2.62,2.05,12.15,1.88
2023-08-01 09:20:00,0.0,8.48,500.0,1567.94,0.008,4.07,0.33,0.23,1.03,0.83,6.73,0.9,3.17,2.27,2.23,0.9,1.33,0.3,0.5,0.13,1.0,0.73,0.0,3.17,2.3,10.83,2.07
2023-08-01 09:25:00,0.0,8.48,500.0,1563.44,0.008,5.08,0.29,0.29,1.17,1.04,5.89,1.13,3.33,2.63,2.64,1.1,1.42,0.38,0.5,0.12,1.0,0.67,0.0,3.71,2.55,9.52,2.26
2023-08-01 09:30:00,0.0,8.48,468.0,1558.94,0.008,6.1,0.25,0.35,1.3,1.25,5.05,1.35,3.5,3.0,3.05,1.3,1.5,0.45,0.5,0.1,1.0,0.6,0.0,4.25,2.8,8.2,2.45
2023-08-01 09:35:00,0.0,8.48,468.0,1554.43,0.008,7.12,0.21,0.41,1.43,1.46,4.21,1.58,3.67,3.37,3.46,1.5,1.58,0.52,0.5,0.08,1.0,0.53,0.0,4.79,3.05,6.88,2.64
2023-08-01 09:40:00,0.0,8.48,468.0,1549.93,0.008,8.13,0.17,0.47,1.57,1.67,3.37,1.8,3.83,3.73,3.87,1.7,1.67,0.6,0.5,0.07,1.0,0.47,0.0,5.33,3.3,5.57,2.83
2023-08-01 09:45:00,0.0,8.48,468.0,1545.43,0.008,9.15,0.12,0.52,1.7,1.88,2.53,2.03,4.0,4.1,4.28,1.9,1.75,0.68,0.5,0.05,1.0,0.4,0.0,5.88,3.55,4.25,3.02
2023-08-01 09:50:00,0.0,8.48,468.0,1540.92,0.008,10.17,0.08,0.58,1.83,2.08,1.68,2.25,4.17,4.47,4.68,2.1,1.83,0.75,0.5,0.03,1.0,0.33,0.0,6.42,3.8,2.93,3.22
2023-08-01 09:55:00,0.0,8.48,468.0,1536.42,0.008,11.18,0.04,0.64,1.97,2.29,0.84,2.48,4.33,4.83,5.09,2.3,1.92,0.82,0.5,0.02,1.0,0.27,0.0,6.96,4.05,1.62,3.41
2023-08-01 10:00:00,0.0,8.48,400.0,1531.92,0.008,12.2,0.0,0.7,2.1,2.5,0.0,2.7,4.5,5.2,5.5,2.5,2.0,0.9,0.5,0.0,1.0,0.2,0.0,7.5,4.3,0.3,3.6
2023-08-01 10:05:00,0.08,8.48,400.0,1527.41,0.008,11.43,0.0,0.8,2.48,2.62,0.0,2.82,4.33,5.1,5.33,2.6,2.12,1.04,0.67,0.11,1.12,0.62,0.0,7.04,4.12,0.32,3.45
2023-08-01 10:10:00,0.15,8.48,400.0,1522.91,0.008,10.67,0.0,0.9,2.87,2.75,0.0,2.95,4.17,5.0,5.17,2.7,2.25,1.18,0.83,0.22,1.25,1.03,0.0,6.58,3.93,0.35,3.3
2023-08-01 10:15:00,0.22,8.48,400.0,1518.41,0.008,9.9,0.0,1.0,3.25,2.88,0.0,3.08,4.0,4.9,5.0,2.8,2.38,1.33,1.0,0.32,1.38,1.45,0.0,6.12,3.75,0.38,3.15
2023-08-01 10:20:00,0.3,8.48,400.0,1513.9,0.008,9.13,0.0,1.1,3.63,3.0,0.0,3.2,3.83,4.8,4.83,2.9,2.5,1.47,1.17,0.43,1.5,1.87,0.0,5.67,3.57,0.4,3.0
2023-08-01 10:25:00,0.38,8.48,400.0,1509.4,0.008,8.37,0.0,1.2,4.02,3.12,0.0,3.32,3.67,4.7,4.67,3.0,2.62,1.61,1.33,0.54,1.62,2.28,0.0,5.21,3.38,0.42,2.85
2023-08-01 10:30:00,0.45,8.48,400.0,1504.9,0.008,7.6,0.0,1.3,4.4,3.25,0.0,3.45,3.5,4.6,4.5,3.1,2.75,1.75,1.5,0.65,1.75,2.7,0.0,4.75,3.2,0.45,2.7
2023-08-01 10:35:00,0.52,8.48,400.0,1500.39,0.008,6.83,0.0,1.4,4.78,3.38,0.0,3.58,3.33,4.5,4.33,3.2,2.88,1.89,1.67,0.76,1.88,3.12,0.0,4.29,3.02,0.48,2.55
2023-08-01 10:40:00,0.6,8.48,400.0,1495.89,0.008,6.07,0.0,1.5,5.17,3.5,0.0,3.7,3.17,4.4,4.17,3.3,3.0,2.03,1.83,0.87,2.0,3.53,0.0,3.83,2.83,0.5,2.4
2023-08-01 10:45:00,0.68,8.48,400.0,1491.39,0.008,5.3,0.0,1.6,5.55,3.62,0.0,3.82,3.0,4.3,4.0,3.4,3.12,2.18,2.0,0.98,2.12,3.95,0.0,3.38,2.65,0.52,2.25
2023-08-01 10:50:00,0.75,8.48,400.0,1486.88,0.008,4.53,0.0,1.7,5.93,3.75,0.0,3.95,2.83,4.2,3.83,3.5,3.25,2.32,2.17,1.08,2.25,4.37,0.0,2.92,2.47,0.55,2.1
2023-08-01 10:55:00,0.82,8.48,400.0,1482.38,0.008,3.77,0.0,1.8,6.32,3.88,0.0,4.08,2.67,4.1,3.67,3.6,3.38,2.46,2.33,1.19,2.38,4.78,0.0,2.46,2.28,0.57,1.95
2023-08-01 11:00:00,0.9,8.48,400.0,1477.88,0.008,3.0,0.0,1.9,6.7,4.0,0.0,4.2,2.5,4.0,3.5,3.7,3.5,2.6,2.5,1.3,2.5,5.2,0.0,2.0,2.1,0.6,1.8
2023-08-01 11:05:00,1.03,8.48,400.0,1473.37,0.008,2.97,0.08,1.88,6.15,3.83,0.0,3.92,2.46,3.97,3.36,3.5,3.38,2.5,2.42,1.32,2.5,4.93,0.0,2.0,2.07,0.63,1.67
2023-08-01 11:10:00,1.17,8.48,400.0,1468.87,0.008,2.93,0.17,1.87,5.6,3.67,0.0,3.65,2.42,3.93,3.22,3.3,3.25,2.4,2.33,1.33,2.5,4.67,0.0,2.0,2.03,0.67,1.53
2023-08-01 11:15:00,1.3,8.48,400.0,1464.36,0.008,2.9,0.25,1.85,5.05,3.5,0.0,3.38,2.38,3.9,3.08,3.1,3.12,2.3,2.25,1.35,2.5,4.4,0.0,2.0,2.0,0.7,1.4
2023-08-01 11:20:00,1.43,8.48,400.0,1459.86,0.008,2.87,0.33,1.83,4.5,3.33,0.0,3.1,2.33,3.87,2.93,2.9,3.0,2.2,2.17,1.37,2.5,4.13,0.0,2.0,1.97,0.73,1.27
2023-08-01 11:25:00,1.57,8.48,400.0,1455.36,0.008,2.83,0.42,1.82,3.95,3.17,0.0,2.82,2.29,3.83,2.79,2.7,2.88,2.1,2.08,1.38,2.5,3.87,0.0,2.0,1.93,0.77,1.13
2023-08-01 11:30:00,1.7,8.48,400.0,1450.85,0.008,2.8,0.5,1.8,3.4,3.0,0.0,2.55,2.25,3.8,2.65,2.5,2.75,2.0,2.0,1.4,2.5,3.6,0.0,2.0,1.9,0.8,1.0
2023-08-01 11:35:00,1.83,8.48,386.11,1446.35,0.008,2.77,0.58,1.78,2.85,2.83,0.0,2.28,2.21,3.77,2.51,2.3,2.62,1.9,1.92,1.42,2.5,3.33,0.0,2.0,1.87,0.83,0.87
2023-08-01 11:40:00,1.97,8.48,372.22,1441.85,0.008,2.73,0.67,1.77,2.3,2.67,0.0,2.0,2.17,3.73,2.37,2.1,2.5,1.8,1.83,1.43,2.5,3.07,0.0,2.0,1.83,0.87,0.73
2023-08-01 11:45:00,2.1,8.48,358.33,1437.34,0.008,2.7,0.75,1.75,1.75,2.5,0.0,1.72,2.12,3.7,2.22,1.9,2.38,1.7,1.75,1.45,2.5,2.8,0.0,2.0,1.8,0.9,0.6
2023-08-01 11:50:00,2.23,8.48,344.44,1432.84,0.008,2.67,0.83,1.73,1.2,2.33,0.0,1.45,2.08,3.67,2.08,1.7,2.25,1.6,1.67,1.47,2.5,2.53,0.0,2.0,1.77,0.93,0.47
2023-08-01 11:55:00,2.37,8.48,330.56,1428.34,0.008,2.63,0.92,1.72,0.65,2.17,0.0,1.18,2.04,3.63,1.94,1.5,2.12,1.5,1.58,1.48,2.5,2.27,0.0,2.0,1.73,0.97,0.33
2023-08-01 12:00:00,2.5,8.48,316.67,1423.83,0.008,2.6,1.0,1.7,0.1,2.0,0.0,0.9,2.0,3.6,1.8,1.3,2.0,1.4,1.5,1.5,2.5,2.0,0.0,2.0,1.7,1.0,0.2
2023-08-01 12:05:00,2.31,8.48,302.78,1419.33,0.008,2.5,0.92,1.57,0.09,1.88,0.0,0.82,1.88,3.52,1.78,1.58,2.0,1.46,1.42,1.39,2.38,1.92,0.0,1.96,1.62,0.92,0.82
2023-08-01 12:10:00,2.12,8.48,288.89,1414.83,0.008,2.4,0.83,1.43,0.08,1.75,0.0,0.75,1.75,3.45,1.75,1.85,2.0,1.52,1.33,1.28,2.25,1.83,0.0,1.92,1.55,0.83,1.43
2023-08-01 12:15:00,1.92,8.48,275.0,1410.32,0.008,2.3,0.75,1.3,0.08,1.62,0.0,0.68,1.62,3.38,1.72,2.12,2.0,1.58,1.25,1.18,2.12,1.75,0.0,1.88,1.48,0.75,2.05
2023-08-01 12:20:00,1.73,8.48,261.11,1405.82,0.008,2.2,0.67,1.17,0.07,1.5,0.0,0.6,1.5,3.3,1.7,2.4,2.0,1.63,1.17,1.07,2.0,1.67,0.0,1.83,1.4,0.67,2.67
2023-08-01 12:25:00,1.54,8.48,247.22,1401.32,0.008,2.1,0.58,1.03,0.06,1.38,0.0,0.52,1.38,3.22,1.68,2.68,2.0,1.69,1.08,0.96,1.88,1.58,0.0,1.79,1.32,0.58,3.28
2023-08-01 12:30:00,1.35,8.48,233.33,1396.81,0.008,2.0,0.5,0.9,0.05,1.25,0.0,0.45,1.25,3.15,1.65,2.95,2.0,1.75,1.0,0.85,1.75,1.5,0.0,1.75,1.25,0.5,3.9
2023-08-01 12:35:00,1.16,8.48,219.44,1392.31,0.008,1.9,0.42,0.77,0.04,1.12,0.0,0.38,1.12,3.08,1.62,3.22,2.0,1.81,0.92,0.74,1.62,1.42,0.0,1.71,1.17,0.42,4.52
2023-08-01 12:40:00,0.97,8.48,205.56,1387.81,0.008,1.8,0.33,0.63,0.03,1.0,0.0,0.3,1.0,3.0,1.6,3.5,2.0,1.87,0.83,0.63,1.5,1.33,0.0,1.67,1.1,0.33,5.13